"","U1","U2","U3","U4"
"2016-12-01","0.847610493967721","0.833535932416285","0.681115180337185","0.174625902934828"
"2016-12-02","0.0672712753543382","0.0170142078381586","0.0604754948187261","0.450636954746879"
"2016-12-05","0.0416638892036668","0.0707098774817472","0.331132972415245","0.844737821490273"
"2016-12-06","0.364953313973792","0.427943684302475","0.800949262274223","0.745646693125626"
"2016-12-07","0.821518833464802","0.808873650496774","0.748270844426114","0.985990388864934"
"2016-12-08","0.328823298827662","0.247883865336938","0.625607769136381","0.710680166281086"
"2016-12-09","0.761103988158858","0.364119181578153","0.262543993728743","0.906303672974696"
"2016-12-12","0.00522037077174745","2.39230145285818e-05","0.0509302525614344","0.334909866103258"
"2016-12-13","0.504009113002127","0.640978969428609","0.49102014588037","0.92443098106655"
"2016-12-14","0.248973488862017","0.141986094309288","0.496375525822772","0.0245766208321927"
"2016-12-15","0.160295990698776","0.62062144202888","0.0357730850737705","0.724185318461832"
"2016-12-16","0.565094973945488","0.724112021054596","0.376698246439554","0.291090660975668"
"2016-12-19","0.388881645609843","0.30769361293656","0.175825462068245","0.603492199433809"
"2016-12-20","0.230472202862124","0.295517086859289","0.273931173307195","0.759955755840398"
"2016-12-21","0.912967748029495","0.760315561931293","0.647255053846065","0.227178166109324"
"2016-12-22","0.508759473491017","0.405351833151354","0.18165662780174","0.256740512744864"
"2016-12-23","0.0976982687753427","0.143099669981106","0.335993051657418","0.533881663405234"
"2016-12-26","0.687543450438059","0.603865076244799","0.469778869058637","0.429046778585499"
"2016-12-27","0.335544880595494","0.467268068678786","0.471823458056792","0.648133516568298"
"2016-12-28","0.263637568561499","0.272621429457122","0.831333434699694","0.0280031235647591"
"2016-12-29","0.363672110578208","0.351594839415455","0.575953846942921","0.377638474895758"
"2016-12-30","0.620662637148692","0.547247216063784","0.87217741426165","0.142298697694467"
"2017-01-03","0.916167956326751","0.828006463446506","0.808769090141237","0.898022828812231"
"2017-01-04","0.833776207353738","0.891218483759868","0.43443017665991","0.845911623051519"
"2017-01-05","0.590619502456685","0.400163243795864","0.952728375589112","0.405319007156751"
"2017-01-06","0.265523053592796","0.156781252999371","0.614472229404754","0.724507526591321"
"2017-01-09","0.768509517736929","0.678733752578776","0.621793392667452","0.183036097098194"
"2017-01-10","0.285703808972315","0.330309915128939","0.856388744473865","0.420437622857736"
"2017-01-11","0.108097620582151","0.137921136084626","0.867210253290313","0.671924057483979"
"2017-01-12","0.185575372748133","0.149716085093023","0.236963144939041","0.264522312212962"
"2017-01-13","0.350154772195703","0.0886840809383788","0.737023374541739","0.588499011443564"
"2017-01-16","0.298863517772483","0.00514205923948002","0.0989388695116893","0.435719694903403"
"2017-01-17","0.583496110838081","0.85405741452373","0.757086876687835","0.190464721510378"
"2017-01-18","0.562504162973833","0.354302401914677","0.917512505544969","0.575609606604556"
"2017-01-19","0.242715937584464","0.356186456480042","0.357999304586117","0.162146249233919"
"2017-01-20","0.856832963890104","0.880730506895291","0.156932997500535","0.701070911793817"
"2017-01-23","0.742202871802228","0.744122377021775","0.49570223427176","0.226207723216367"
"2017-01-24","0.592161461934957","0.321156680943431","0.61066695980815","0.878453963217496"
"2017-01-25","0.620565944224785","0.643564863757336","0.724931571831559","0.939452687075781"
"2017-01-26","0.677765357485628","0.747599799536495","0.959452956068462","0.403751475552266"
"2017-02-03","0.126330759278146","0.288701014533945","0.0805950431806217","0.460174367224817"
"2017-02-06","0.802740577097026","0.761815111346463","0.874604493827309","0.230448267853015"
"2017-02-07","0.372965531350785","0.362617541701005","0.437077109520417","0.433784898415393"
"2017-02-08","0.760859352151149","0.776266150681293","0.799710614950148","0.491536600882221"
"2017-02-09","0.796743763644098","0.689263062733701","0.584611775881972","0.89433058402573"
"2017-02-10","0.750388532977989","0.492622798842957","0.605844934182607","0.807818359470959"
"2017-02-13","0.847004905979009","0.808192826555847","0.787001964676564","0.903713706320702"
"2017-02-14","0.472098114405404","0.432407044772919","0.451866288715429","0.859362179398299"
"2017-02-15","0.328952815182278","0.144800063497225","0.943456275120078","0.913485421320813"
"2017-02-16","0.80859202006809","0.796219021553744","0.763282909374782","0.325148459649378"
"2017-02-17","0.0549828508346647","0.22219897798355","0.294591964227544","0.626879634917901"
"2017-02-20","0.95876960660742","0.9118715517123","0.746363612783146","0.403379398372324"
"2017-02-21","0.721998416969313","0.762017150985136","0.130079462733841","0.950852016736059"
"2017-02-22","0.616376845173324","0.665506501534108","0.904666234029574","0.282893590172896"
"2017-02-23","0.243473395245492","0.387055813364676","0.274341012314528","0.448038328942098"
"2017-02-24","0.489625422173042","0.545739999824243","0.171772431849529","0.614714071453135"
"2017-02-27","0.0749275537604396","0.124654132987021","0.358744516097925","0.555605971971866"
"2017-02-28","0.727788344550396","0.678438122565906","0.132798801600349","0.10439315916366"
"2017-03-01","0.565067434234221","0.577786488211662","0.559108384052358","0.997035463496583"
"2017-03-02","0.140126279781703","0.248300586582209","0.34932885636638","0.0333728910379692"
"2017-03-03","0.215037730721788","0.609289248420429","0.139595384384556","0.444780852141823"
"2017-03-06","0.776884117416418","0.919486767972313","0.581942121800423","0.124073409486408"
"2017-03-07","0.643380291155271","0.598441990381977","0.691285902967054","0.158438352122618"
"2017-03-08","0.40350635693071","0.232110467425555","0.730345727358962","0.215659123197504"
"2017-03-09","0.0762290635784212","0.148494225849595","0.0583915080346068","0.4870644183544"
"2017-03-10","0.361670952049006","0.640426786719274","0.634254412158575","0.730187679946458"
"2017-03-13","0.890347720862971","0.879881314182121","0.912428164694256","0.478332074416558"
"2017-03-14","0.501919885688917","0.326436179201762","0.476337751910069","0.147115783102879"
"2017-03-15","0.504898060336958","0.525300519231635","0.381492173505945","0.942145096649219"
"2017-03-16","0.92157952913668","0.828978558661452","0.989489121397117","0.307113462107033"
"2017-03-17","0.0418459040222157","0.0847709044275743","0.553225261019749","0.296896082050854"
"2017-03-20","0.733839329963432","0.577363977698727","0.83784513313514","0.240903450800867"
"2017-03-21","0.686035852991645","0.718832646681583","0.693576985138747","0.0115466919869314"
"2017-03-22","0.15034950218503","0.304107410644638","0.0809312009634763","0.525109720232826"
"2017-03-23","0.525574127951932","0.621017115897432","0.475854210439654","0.372356565057241"
"2017-03-24","0.853081690225979","0.780966211052528","0.546612372714983","0.38232575921183"
"2017-03-27","0.385446223467673","0.16857264368624","0.174910674680903","0.368643801157878"
"2017-03-28","0.171722330260647","0.373437177631462","0.786031950480286","0.864419997359619"
"2017-03-29","0.210831244583329","0.237585913355752","0.594250839676141","0.556993941754906"
"2017-03-30","0.0480505429504819","0.0239163893419909","0.274521209112434","0.682545263195773"
"2017-03-31","0.716967771657494","0.818579187454051","0.136521028184193","0.27096968921154"
"2017-04-05","0.976975285140017","0.97225408355049","0.925459656005842","0.157187279259744"
"2017-04-06","0.663801739897034","0.597667977246939","0.22376208655698","0.57055952841824"
"2017-04-07","0.56532162052177","0.538739150560653","0.447644902624953","0.375846024344694"
"2017-04-10","0.15586290881553","0.191434648312597","0.455493007828311","0.490365807629672"
"2017-04-11","0.811145244496821","0.723482305624653","0.153273018505415","0.317323712481967"
"2017-04-12","0.184685236121356","0.17831464509107","0.880951649914274","0.169338373939884"
"2017-04-13","0.495240252027572","0.779042645044416","0.353592325160574","0.0808954395189909"
"2017-04-14","0.0621804223651006","0.0631841694914231","0.465884648878512","0.41718316691696"
"2017-04-17","0.108713322877338","0.223688364669343","0.467779259612687","0.895992536034946"
"2017-04-18","0.105451725673559","0.27362696191736","0.0397317189190174","0.275890182633941"
"2017-04-19","0.109497649436212","0.231800569684234","0.252610541367024","0.318603766601431"
"2017-04-20","0.502255711226501","0.501216414876936","0.872235687161913","0.872880339933193"
"2017-04-21","0.494911794948718","0.274787638425055","0.443457696245492","0.257804001104026"
"2017-04-24","0.0309152793103031","0.0132733789006196","0.696536002180299","0.946184983585827"
"2017-04-25","0.578448380960656","0.785378696564474","0.939957307457052","0.867813837753397"
"2017-04-26","0.604136176537081","0.617828112565277","0.75815719775156","0.4327542768575"
"2017-04-27","0.699142688070206","0.612718873504664","0.743273482342446","0.486146580359798"
"2017-04-28","0.528268983872565","0.464322202817018","0.291130492523467","0.27270448624457"
"2017-05-02","0.260050501691511","0.434949536632094","0.667180322324148","0.677985603276386"
"2017-05-03","0.305200504927587","0.260348407682873","0.471631783901386","0.32676132692061"
"2017-05-04","0.311049480336533","0.306052647882859","0.435000759579364","0.478061213826185"
"2017-05-05","0.0981627126349185","0.0678949495155531","0.111272975634222","0.789495107737742"
"2017-05-08","0.10608069667611","0.0277018006881023","0.712608150657642","0.448910001613403"
"2017-05-09","0.531635534117728","0.699922138906176","0.944714325026114","0.318883638164356"
"2017-05-10","0.0831599602810165","0.0850338755130757","0.773605716351811","0.533743522111198"
"2017-05-11","0.672782409566226","0.580266849181727","0.733619455798528","0.216120364589731"
"2017-05-12","0.863255802351069","0.508138968569268","0.556574556434303","0.268469528691434"
"2017-05-15","0.629192276612443","0.742251610803693","0.8794532767523","0.830178046172348"
"2017-05-16","0.869556954039489","0.969395333881535","0.384812438111527","0.372607006245078"
"2017-05-17","0.310709368607016","0.38830911954513","0.359090262094425","0.00199155124242096"
"2017-05-18","0.214311387016323","0.24686427796642","0.160425243044745","0.605826933255531"
"2017-05-19","0.498102323672671","0.451078779623553","0.567078261348262","0.811382980401182"
"2017-05-22","0.196804307450675","0.18792977181805","0.885677754130755","0.776092171103123"
"2017-05-23","0.217630382926258","0.0739117505471711","0.510746181954997","0.599384962481426"
"2017-05-24","0.540957855473048","0.695400995166854","0.53920614799876","0.636784673937908"
"2017-05-25","0.976541901346692","0.790245526544332","0.876553236910404","0.768408613222915"
"2017-05-26","0.531204644556792","0.316461943550969","0.500344365147637","0.486283109687279"
"2017-05-31","0.638330359313493","0.498017885471777","0.528305763790292","0.30491342092977"
"2017-06-01","0.196160692621385","0.0677662584276628","0.814455609417262","0.904136927167216"
"2017-06-02","0.550005460496729","0.761331737422419","0.76443275589578","0.772682345124943"
"2017-06-05","0.199888820009183","0.671906934374057","0.313153993898585","0.341986958800709"
"2017-06-06","0.717581551508231","0.790612850502785","0.792324914897138","0.203732816736124"
"2017-06-07","0.965897443057801","0.962979642705307","0.405735849521547","0.557769853838788"
"2017-06-08","0.688284111862322","0.641608043197073","0.708291290469685","0.458016564493166"
"2017-06-09","0.651000285335021","0.602680354314486","0.376341836591994","0.34848643719322"
"2017-06-12","0.140505116625367","0.233220063270769","0.0340307967210976","0.329091280319278"
"2017-06-13","0.760798702107875","0.857472762706428","0.785482807089467","0.808416507270417"
"2017-06-14","0.102796340770444","0.183719742813855","0.537531097352731","0.347065433156631"
"2017-06-15","0.51765596013971","0.774798326874082","0.056111964081555","0.222728826326223"
"2017-06-16","0.277602262818121","0.309120722290871","0.607019544182173","0.439378845421341"
"2017-06-19","0.865275050501595","0.78565142463417","0.92017997825707","0.948643263281569"
"2017-06-20","0.375836485188026","0.558583410904432","0.306759173934445","0.0544481667907357"
"2017-06-21","0.804017336425339","0.810881325677976","0.198251089846339","0.358207386489944"
"2017-06-22","0.28051358804806","0.110918560500571","0.415741971764749","0.385432904740224"
"2017-06-23","0.706666396662545","0.861128641144154","0.456704003334402","0.56761127546643"
"2017-06-26","0.920514270976137","0.929755864246459","0.85183656510132","0.464959092732988"
"2017-06-27","0.596665589641036","0.481794475500948","0.398388366635559","0.037387767556268"
"2017-06-28","0.136714042980244","0.164458516261706","0.175750180430968","0.907838767705821"
"2017-06-29","0.777517013362538","0.739359309747051","0.920698050528598","0.0566722742682487"
"2017-06-30","0.565743909730762","0.520644795055259","0.134748385952795","0.52371082626506"
"2017-07-03","0.546075473652197","0.520885051219651","0.508944834613566","0.61136537048065"
"2017-07-04","0.185713869350374","0.204233063210377","0.0343571501956157","0.451509554723194"
"2017-07-05","0.90246118527148","0.829995578283947","0.7295618390864","0.557098718422314"
"2017-07-06","0.586428538516699","0.433787860648886","0.362215686644404","0.0398787243809306"
"2017-07-07","0.593168247110508","0.506823952770475","0.245054220701347","0.79661286676008"
"2017-07-10","0.322595274218559","0.195044163314894","0.776015829357598","0.53143309412274"
"2017-07-11","0.232693458327656","0.310523926596055","0.951644418067655","0.391601604893058"
"2017-07-12","0.319457012345469","0.362073188853602","0.801071804431723","0.878275028853818"
"2017-07-13","0.880636581133872","0.561492228485671","0.912796122193729","0.623791344450177"
"2017-07-14","0.564345631788789","0.250994099923261","0.581843612368264","0.804743066057499"
"2017-07-17","0.0110442036008384","0.000319678651250654","0.650723046760012","0.452525671272431"
"2017-07-18","0.713009497634368","0.692294177200554","0.599653239491253","0.48890775136007"
"2017-07-19","0.9743136042267","0.95067054976073","0.771304331899951","0.863057682759329"
"2017-07-20","0.738069201246652","0.742715024324188","0.636774745737048","0.436230128901813"
"2017-07-21","0.31402254372817","0.453551074366693","0.391369340037315","0.382835325854475"
"2017-07-24","0.720930392841092","0.648078474464166","0.770652940763892","0.306281336224837"
"2017-07-25","0.307522121868616","0.257714190526047","0.486641366002174","0.713239643352933"
"2017-07-26","0.54578115427019","0.257367095160661","0.685105318974359","0.46258209826253"
"2017-07-27","0.501965800676688","0.827175709622333","0.849122615277059","0.308558747144197"
"2017-07-28","0.535686664387209","0.65582980182204","0.180039518124073","0.267855629242819"
"2017-07-31","0.859868718566673","0.748735676378391","0.953150446157376","0.328635374022964"
"2017-08-01","0.851646142388183","0.559003988332426","0.877333446605252","0.674109485634462"
"2017-08-02","0.26771692595728","0.23744506130173","0.640699296787784","0.483279674477184"
"2017-08-03","0.189337664941068","0.316752733328924","0.304529934140904","0.19614738418442"
"2017-08-04","0.21357216500724","0.177064642199379","0.545202042542983","0.613428337423225"
"2017-08-07","0.819705221533721","0.829146891465697","0.755785226723057","0.614951364350679"
"2017-08-08","0.504054898103964","0.664838102261423","0.81623629043113","0.177405305210136"
"2017-08-09","0.291052420402414","0.702407224814815","0.260892023092691","0.358186764435104"
"2017-08-10","0.159536796610736","0.19547133210633","0.0542055804203721","0.00358220694952894"
"2017-08-11","0.00796118261691587","0.0301954160838661","0.00970414636703663","0.477017931796773"
"2017-08-14","0.909670051910078","0.975806185036939","0.915952484044937","0.924534634240195"
"2017-08-15","0.734523348385499","0.613285083000285","0.359042938434159","0.447390088594171"
"2017-08-16","0.360081836455234","0.660869173773009","0.813895732573373","0.557375735158969"
"2017-08-17","0.849457576124537","0.672883442021513","0.367608115951314","0.0099723133443623"
"2017-08-18","0.461518047766877","0.316135760209433","0.115181365038862","0.313911003741447"
"2017-08-21","0.807266439609853","0.764814155809389","0.659614263082927","0.507214117792018"
"2017-08-22","0.524189671669573","0.314680211031928","0.837482726205436","0.894128635683519"
"2017-08-23","0.38990101841736","0.319181416267252","0.480535441248908","0.283717731197851"
"2017-08-24","0.149145335982789","0.208673655569002","0.689648945747705","0.323906201535481"
"2017-08-25","0.990669360335479","0.856730699385212","0.909326725255338","0.548192485745881"
"2017-08-28","0.904972700627138","0.914943219247092","0.515074670718199","0.486169665985934"
"2017-08-29","0.492571761660586","0.279772766382329","0.296327380682303","0.508365474468853"
"2017-08-30","0.40676989392651","0.693334676079205","0.914325543713297","0.761385213940458"
"2017-08-31","0.379736020378193","0.468525767301079","0.260264785450027","0.836925605983972"
"2017-09-01","0.575003306142349","0.748028181059146","0.429809341191735","0.631757400889783"
"2017-09-04","0.704060352459824","0.788660816900878","0.15189271027594","0.448344121100992"
"2017-09-05","0.539410806539993","0.587667476529188","0.463704796688686","0.0525095572776233"
"2017-09-06","0.452206861346219","0.641198487982915","0.244211206162382","0.64180344042456"
"2017-09-07","0.0977037693514001","0.23018254550053","0.291112870870361","0.432839377119225"
"2017-09-08","0.426346732279526","0.475859662794915","0.755642917739007","0.322245640339383"
"2017-09-11","0.696395810216166","0.816904843579302","0.906497887783638","0.955940348142915"
"2017-09-12","0.50416105680692","0.402305860765958","0.521058839491863","0.753765100697418"
"2017-09-13","0.545971612471235","0.709037559634068","0.310839352188819","0.527821103481478"
"2017-09-14","0.155577157357436","0.339527466550657","0.243343759153913","0.33389658031877"
"2017-09-15","0.104089901142556","0.430584468831159","0.537085223802455","0.599600278697232"
"2017-09-18","0.665228201124903","0.851372864024292","0.947134725587461","0.580447886750028"
"2017-09-19","0.285587013711418","0.16411170354403","0.261248381644456","0.548339656012542"
"2017-09-20","0.667998364066993","0.888644508741109","0.640623730481747","0.494502356150833"
"2017-09-21","0.235484373765441","0.11422127537357","0.429466735879881","0.146483821020407"
"2017-09-22","0.298102831219117","0.349214714278932","0.114539674381534","0.469141943406318"
"2017-09-25","0.186490073605715","0.0530005160848545","0.040561193484072","0.20962805860927"
"2017-09-26","0.490219727432878","0.60170959408467","0.482873345528901","0.413945030577065"
"2017-09-27","0.479736370149371","0.802698068345718","0.719508423088227","0.80363660571733"
"2017-09-28","0.278661561143063","0.45539540775708","0.14892350017858","0.576152421461618"
"2017-09-29","0.69696886243949","0.718197311939616","0.722614104109423","0.80921949834031"
"2017-10-09","0.935243785596302","0.964196600270754","0.996718737784648","0.985550435272236"
"2017-10-10","0.665503405347257","0.730057937911769","0.790381306441161","0.761207459368201"
"2017-10-11","0.575347381694427","0.397063117535299","0.313033325961641","0.672969909776776"
"2017-10-12","0.353382786221067","0.419615921516185","0.600594284917916","0.207509969784803"
"2017-10-13","0.552792925201165","0.847064538014937","0.50819975334745","0.505752272383757"
"2017-10-16","0.133200440723079","0.0685848324681839","0.817913341471191","0.642981408849354"
"2017-10-17","0.244454446022665","0.519709886354292","0.487744100535829","0.502320576157192"
"2017-10-18","0.711621445297158","0.466923389819331","0.500108254151195","0.505607641839719"
"2017-10-19","0.144675285524038","0.133701815424369","0.0183632761683408","0.437057092583755"
"2017-10-20","0.677323403702048","0.692169105432133","0.886344269799784","0.942174687629245"
"2017-10-23","0.483889279653877","0.77508988925436","0.229814819088506","0.0499578020694006"
"2017-10-24","0.658233392665089","0.620033973427228","0.251576746978072","0.594689845873649"
"2017-10-25","0.69165224470143","0.863661423771812","0.713072468168392","0.047945134619935"
"2017-10-26","0.746929072522131","0.570260952667964","0.314150463747875","0.529144106433446"
"2017-10-27","0.707698312963899","0.383468292605131","0.823335586277349","0.966855866189985"
"2017-10-30","0.0240362307175223","0.0548203805223663","0.305884174321017","0.141891585780499"
"2017-10-31","0.513099055052381","0.744095415906457","0.312144997890966","0.509497495167412"
"2017-11-01","0.49907637310159","0.345186736045535","0.915159887293525","0.605829174503522"
"2017-11-02","0.118535692634021","0.225337026216918","0.342469784662402","0.43794775929599"
"2017-11-03","0.142272130137123","0.146561805865963","0.637505947760653","0.778252486876928"
"2017-11-06","0.853018510563649","0.95087197290434","0.458792693306936","0.596218307897069"
"2017-11-07","0.938424083781531","0.811410935562418","0.946674024360012","0.377486840301795"
"2017-11-08","0.474805993427219","0.388234444303197","0.316741009418134","0.600345726693965"
"2017-11-09","0.764238603908657","0.852572829425339","0.839647568969005","0.0675037379563163"
"2017-11-10","0.562721632152792","0.82701492242942","0.444291913388589","0.277677964381268"
"2017-11-13","0.825382780549449","0.679413790065184","0.601976317271531","0.51597302527531"
"2017-11-14","0.0700554975982102","0.107714051304246","0.406322144663875","0.173412680229099"
"2017-11-15","0.0353729816426836","0.0999458537678718","0.0815975230018192","0.0520838301433368"
"2017-11-16","0.346908424284468","0.773478229665782","0.77368991635893","0.932711552430279"
"2017-11-17","0.114771798173364","0.0150703642407816","0.796628197602956","0.228228944916264"
"2017-11-20","0.684258282739487","0.898151570694942","0.609603499834797","0.54238946543411"
"2017-11-21","0.844811326010919","0.890852544909315","0.984821616654527","0.910886168473731"
"2017-11-22","0.863443510248131","0.343825236114815","0.816973413294098","0.379495901613224"
"2017-11-23","0.00170414722849932","0.00376775823077685","0.105325924600597","0.419262367800105"
"2017-11-24","0.499141547517563","0.493554831397063","0.742105233065211","0.642127193203462"
"2017-11-27","0.0636781960707392","0.0512393573918439","0.204425818031442","0.380044839653885"
"2017-11-28","0.68500099643236","0.854593231927515","0.453016379572137","0.980044332702908"
"2017-11-29","0.549813110065488","0.394543430613175","0.362688316882138","0.429076479972896"
"2017-11-30","0.135245898948822","0.16323925885962","0.039646613871421","0.972315351096743"
"2017-12-01","0.476408939276525","0.667532353486541","0.288365933465955","0.222711007433135"
"2017-12-04","0.305131348258031","0.50463465031394","0.588892919649237","0.278875686549647"
"2017-12-05","0.342821729599491","0.0945231431798175","0.116824860901341","0.0984845269469396"
"2017-12-06","0.270151001573215","0.691296399248692","0.0186455481366635","0.381954981395049"
"2017-12-07","0.114268752762152","0.158293628490866","0.586790606547699","0.715885747943413"
"2017-12-08","0.811258167489296","0.857097232073737","0.860975872326457","0.899486494972774"
"2017-12-11","0.929678824882962","0.912389073661131","0.862311144900426","0.792985932255883"
"2017-12-12","0.0350616301107059","0.222728957368316","0.255789757053394","0.629437196548206"
"2017-12-13","0.830129462262849","0.757215366586544","0.914441068824841","0.355898859378084"
"2017-12-14","0.287298611876358","0.369519891173415","0.397977155347029","0.0766436567250983"
"2017-12-15","0.112160581776944","0.17827609527101","0.128717639923621","0.965467144091195"
"2017-12-18","0.513743806511379","0.358227841162002","0.758993655476771","0.912266374237207"
"2017-12-19","0.890634650390818","0.804136571441039","0.770210881483555","0.14427000195886"
"2017-12-20","0.314088276575442","0.253411564695025","0.446138198963878","0.315242591650671"
"2017-12-21","0.704016912048536","0.813451297624037","0.69148352082896","0.626141805732736"
"2017-12-22","0.414407746029565","0.373215898689455","0.793162774022271","0.370772630076944"
"2017-12-25","0.190043286060275","0.222925113609908","0.478395646896893","0.409251801954744"
"2017-12-26","0.874570519100049","0.525374944473215","0.470958240094282","0.293509491948079"
"2017-12-27","0.0811339215043137","0.161957034253713","0.509616058674438","0.495654456881936"
"2017-12-28","0.811676566762772","0.698681491442042","0.863193693063442","0.632838703326554"
"2017-12-29","0.671302218136484","0.702923166214152","0.594204196278782","0.0542193431230606"
"2018-01-02","0.947853217075874","0.867598059441058","0.984674741482198","0.947311375859127"
"2018-01-03","0.796554155846608","0.788216137730874","0.587505510431687","0.930088247947538"
"2018-01-04","0.741476362139409","0.692572764304106","0.764254567769252","0.848346643610956"
"2018-01-05","0.570295998599095","0.467724530776102","0.628047542099287","0.955495348924487"
"2018-01-08","0.763712313265447","0.635785526822846","0.639105494604937","0.671615726042501"
"2018-01-09","0.538578417896419","0.706395972897472","0.688216659617904","0.598008364252188"
"2018-01-10","0.608236341941266","0.428991544425898","0.603475758979532","0.265559790778097"
"2018-01-11","0.52075839818892","0.584827671637966","0.571667981319485","0.961234475046765"
"2018-01-12","0.523061855479846","0.454305681585174","0.897843304567728","0.968715525775309"
"2018-01-15","0.13580020272642","0.0620065824156971","0.331606868318656","0.453848840610246"
"2018-01-16","0.884238239410876","0.780844341234918","0.98473209491804","0.0723595013233834"
"2018-01-17","0.615171535773224","0.17232917763055","0.655686918835906","0.981844243416901"
"2018-01-18","0.911562205276883","0.566832683609128","0.725220281028995","0.260825749600515"
"2018-01-19","0.702634974428943","0.339137651633808","0.722123450721744","0.869882467023081"
"2018-01-22","0.710329956592666","0.972457675153237","0.732790799372743","0.97886149610693"
"2018-01-23","0.967353464518158","0.603032483399044","0.979091388657487","0.757595314348291"
"2018-01-24","0.679549818312402","0.711087089783359","0.548276172944587","0.334163079359754"
"2018-01-25","0.228328512417698","0.232386585688166","0.103661230947458","0.476062018970165"
"2018-01-26","0.625465066496853","0.530906487236771","0.962094760391635","0.996336254214848"
"2018-01-29","0.0439271404785159","0.0261022288177511","0.210124753081969","0.0167460711435728"
"2018-01-30","0.054841110635993","0.245216062331997","0.0887181849711624","0.00802808891404617"
"2018-01-31","0.322273302982801","0.109814460140141","0.840062063224925","0.42560943442405"
"2018-02-01","0.0669759220135444","0.0133946318740191","0.173086242402701","0.380600431175603"
"2018-02-02","0.710549687973354","0.680166826740847","0.397760309721045","0.00345348485752664"
"2018-02-05","0.835723047690339","0.204212418456876","0.097931391325005","0.00216695097512117"
"2018-02-06","0.00173597770892837","0.0016643749412506","5.32686461682317e-05","0.805757794673959"
"2018-02-07","0.0379900857447202","0.178559254953028","0.239230333350256","0.358790616480388"
"2018-02-08","0.084110418922237","0.797676793294376","0.588440855278834","0.0193492910540634"
"2018-02-09","0.00478362082723298","0.0141490376968604","0.05463182168347","0.733759071101083"
"2018-02-12","0.737239970157694","0.952503541191823","0.426657922027804","0.777334721466787"
"2018-02-13","0.786723184174155","0.631622265420182","0.763720138436187","0.568606295332118"
"2018-02-14","0.646159644049156","0.687524824929385","0.893078993571561","0.801266941760152"
"2018-02-22","0.945772266622261","0.89354464051799","0.815900015110274","0.560117315720252"
"2018-02-23","0.690737785407949","0.504294330490041","0.733489969103087","0.873047552368167"
"2018-02-26","0.835983068780402","0.905911290115596","0.688170361786592","0.834674441767622"
"2018-02-27","0.170048616339449","0.267712177505929","0.291740746952187","0.138296170689781"
"2018-02-28","0.201342397343311","0.550621712771842","0.169986937419024","0.159174678765037"
"2018-03-01","0.638064251639191","0.757577601859094","0.669123590685387","0.136515324180743"
"2018-03-02","0.297406952251661","0.261693129106717","0.148281245364241","0.597870823064429"
"2018-03-05","0.518866636386855","0.542348531617324","0.0684421459051353","0.785440689657297"
"2018-03-06","0.811454022682586","0.806123148138468","0.900589179482308","0.585586060135485"
"2018-03-07","0.295066392728492","0.216240936148673","0.233767608606211","0.464333055404057"
"2018-03-08","0.678142586176574","0.784047673518303","0.837123828705134","0.640559316136912"
"2018-03-09","0.700826556318427","0.862259104511073","0.786841167996566","0.935810863217508"
"2018-03-12","0.710166756473994","0.803178394738117","0.903330646367855","0.455976177867734"
"2018-03-13","0.291491046755486","0.2505418999957","0.498191968591866","0.211738566931886"
"2018-03-14","0.265367345803287","0.234209155800112","0.316231394701259","0.226489439159288"
"2018-03-15","0.482933345237861","0.544721698115257","0.597373114477857","0.415806976668037"
"2018-03-16","0.231343616976496","0.196254041445904","0.433624832782174","0.537201088025073"
"2018-03-19","0.614763602056074","0.537291711218432","0.490664484697826","0.060273721609568"
"2018-03-20","0.643777679420365","0.50310511441778","0.524708757701635","0.496084200738937"
"2018-03-21","0.348624123906888","0.202973508819889","0.315028521036553","0.385491278018609"
"2018-03-22","0.250212999761089","0.191736502414711","0.145376463384071","0.015893404597761"
"2018-03-23","0.0043641637681266","0.00361325336685336","0.0252384744639547","0.0547650353223689"
"2018-03-26","0.28062269021328","0.808987526989321","0.734633319459006","0.929725955142214"
"2018-03-27","0.842645876201698","0.893214580306254","0.742696231598808","0.127200618312119"
"2018-03-28","0.102166954984493","0.170188609683532","0.038221294364173","0.382398659823419"
"2018-03-29","0.866430128593698","0.78384176627736","0.547542258762225","0.802635761794748"
"2018-03-30","0.601021629725263","0.758603364903098","0.479736030532815","0.499328030066092"
"2018-04-02","0.428699911599603","0.430311975309167","0.47775479418179","0.0556510656043292"
"2018-04-03","0.20228211326883","0.230333137323667","0.586893198987181","0.758927386385735"
"2018-04-04","0.431464634831532","0.289156241239762","0.0513044295338873","0.789544773416699"
"2018-04-09","0.601382440714259","0.382611071263033","0.95122484648289","0.182026280092862"
"2018-04-10","0.943319274266184","0.786019205401949","0.892928216019536","0.861318860683817"
"2018-04-11","0.717760545762695","0.606489145409892","0.675794881443783","0.329876787498559"
"2018-04-12","0.1790541830305","0.247006545087324","0.405537728294256","0.724765730620108"
"2018-04-13","0.240815896174042","0.347506150835977","0.44766622466835","0.387320768360111"
"2018-04-16","0.0728141285251162","0.274537869571732","0.0970961942856763","0.744174816133673"
"2018-04-17","0.0982436125249046","0.0493004653320108","0.216385904203664","0.834988185787787"
"2018-04-18","0.784656923016523","0.769200826384305","0.727779890831779","0.532936384498846"
"2018-04-19","0.794602192434464","0.771177734484003","0.874889228780031","0.240544288468146"
"2018-04-20","0.0939144269205267","0.0861493353519323","0.193327557372423","0.15721089523505"
"2018-04-23","0.464748241005036","0.258815471139087","0.282637541451932","0.448064956791858"
"2018-04-24","0.954210687711043","0.932869116457222","0.860011058929207","0.084564973714864"
"2018-04-25","0.370677961724449","0.428948144806317","0.170950627656768","0.510413876614049"
"2018-04-26","0.10876192071038","0.0478976649708589","0.15557273736449","0.823475257667009"
"2018-04-27","0.595823444934682","0.584897559504516","0.790762528099588","0.541283228221934"
"2018-05-02","0.493261446714077","0.533031978575564","0.90069963672838","0.0825146374415015"
"2018-05-03","0.748090004319936","0.802089446008394","0.110918623901734","0.353441044328231"
"2018-05-04","0.372820648199886","0.359469267708875","0.119837174059627","0.869745990114321"
"2018-05-07","0.924040985639108","0.921347804217632","0.562391361508024","0.645829307209039"
"2018-05-08","0.790755305923914","0.699377099118867","0.878906103357391","0.466623874554327"
"2018-05-09","0.464441779592207","0.432063118748643","0.668880432315756","0.853708023658675"
"2018-05-10","0.700205713665851","0.601491391684427","0.802273250764586","0.872846937723808"
"2018-05-11","0.338932550330299","0.207033804491675","0.838797477258624","0.590637492205699"
"2018-05-14","0.650332792712571","0.606970206604313","0.901204766189098","0.520637530163711"
"2018-05-15","0.745018509931869","0.730733147704314","0.110968089817683","0.128519333630613"
"2018-05-16","0.195766791793141","0.307090231666504","0.40507795604504","0.6646377577821"
"2018-05-17","0.276210806206527","0.260743855145451","0.264503599129271","0.409746575164479"
"2018-05-18","0.912374351618599","0.614623544813058","0.630751212194824","0.293236892985615"
"2018-05-21","0.766945286836421","0.786352900014281","0.74008713181365","0.834911395126732"
"2018-05-22","0.494961199743404","0.464923412780342","0.478106588888906","0.279465972913378"
"2018-05-23","0.0576629459041053","0.106228489888451","0.0374802643375274","0.652842879183862"
"2018-05-24","0.291823253600523","0.24488055778751","0.606847716045384","0.322928754282712"
"2018-05-25","0.302179414946448","0.135618232946574","0.261254106600725","0.288575425776078"
"2018-05-28","0.400786518811356","0.554821019451464","0.750148169970681","0.436527325901734"
"2018-05-29","0.277662434133103","0.125622433461163","0.144874800201685","0.0357607320394489"
"2018-05-30","0.010936531551978","0.0269332850225439","0.0814088048137901","0.920491815132199"
"2018-05-31","0.951418158490298","0.925719012498308","0.894612275855253","0.157570702738105"
"2018-06-01","0.252816788060673","0.138365318118663","0.523795535061284","0.893499004472541"
"2018-06-04","0.710401255121531","0.62636028570866","0.933178396194231","0.735331697513738"
"2018-06-05","0.78318599408246","0.901289289369462","0.634649351035088","0.519376404693427"
"2018-06-06","0.513258226737206","0.413267142651389","0.711937758624658","0.88934587839933"
"2018-06-07","0.416438956588683","0.298961884651398","0.806153682145232","0.430852920807683"
"2018-06-08","0.0769383262807316","0.174691212121838","0.0448453845692125","0.672874974473051"
"2018-06-11","0.305805358666577","0.366198615995975","0.619225330639936","0.539231751141498"
"2018-06-12","0.835588590642511","0.867945606462516","0.537272057295218","0.589425033531878"
"2018-06-13","0.149571233707089","0.0985179656201319","0.112299868785789","0.163283090142825"
"2018-06-14","0.424719921335217","0.255195789487693","0.160697485726216","0.619638348245922"
"2018-06-15","0.211102075218216","0.115555957596465","0.297192430513817","0.358881374457941"
"2018-06-19","0.00387770990623562","0.000953564033717991","0.0130590958335422","0.0885860914207623"
"2018-06-20","0.619457095768537","0.730707782901631","0.731631965944727","0.543643760972893"
"2018-06-21","0.122883543034491","0.101922291728737","0.144313330931996","0.101321245226728"
"2018-06-22","0.69389056027925","0.752787664408768","0.523662005245654","0.551015749191341"
"2018-06-25","0.183006734795644","0.236139286283963","0.147452821629162","0.0210248431281897"
"2018-06-26","0.336418549893481","0.564492019146834","0.371528158956267","0.535532810270928"
"2018-06-27","0.171889945518216","0.102853618948883","0.080215530370526","0.10628437729353"
"2018-06-28","0.215226103626273","0.255631111330347","0.646714136328072","0.733284944240891"
"2018-06-29","0.961634836356255","0.964619922575796","0.889425396583826","0.514366552680711"
"2018-07-02","0.0358129952208114","0.105327154338041","0.487989600028849","0.637545731041594"
"2018-07-03","0.659069913880716","0.610607523320662","0.120019737135571","0.202429696365411"
"2018-07-04","0.225660899423382","0.109257711878069","0.170443558333375","0.439700324569409"
"2018-07-05","0.246520175578216","0.1379460880873","0.392449777953969","0.868982895155479"
"2018-07-06","0.692290016679757","0.617369383933377","0.656645530419854","0.891770986408845"
"2018-07-09","0.966410116589161","0.932806682297141","0.869293054302137","0.912834463013574"
"2018-07-10","0.665105950887906","0.590231740913749","0.47608361650064","0.730183809331964"
"2018-07-11","0.0946620618139211","0.125388551635778","0.117690177500037","0.0893768829409132"
"2018-07-12","0.942592051742509","0.926254331470021","0.705337743278008","0.88578367991704"
"2018-07-13","0.446676124946628","0.613083446350059","0.550250901354514","0.555499465985227"
"2018-07-16","0.327060926157608","0.465068244788779","0.49885976505414","0.374170774364129"
"2018-07-17","0.336523824720366","0.379179590904787","0.109218327717178","0.730783918719715"
"2018-07-18","0.390660990438202","0.251670057026505","0.366728216066762","0.63246023682194"
"2018-07-19","0.3414456794194","0.339673843466131","0.316994424493032","0.169429000796445"
"2018-07-20","0.950669163109417","0.771233450289327","0.780538066186353","0.348479673825345"
"2018-07-23","0.827601296648216","0.663191370688473","0.537291208797412","0.579898773292107"
"2018-07-24","0.906134940084474","0.858598240935294","0.92417889761317","0.803761322798735"
"2018-07-25","0.487289178171242","0.453806382774076","0.844369144953897","0.95184772124578"
"2018-07-26","0.263255512336085","0.193174685347446","0.268187288342147","0.223463088374549"
"2018-07-27","0.40373935044366","0.298406916690721","0.510898063356703","0.0680576059500355"
"2018-07-30","0.453921315737806","0.178895918885098","0.349904524016983","0.110119766387942"
"2018-07-31","0.615761273948838","0.466932600406082","0.236177998047256","0.734125325329208"
"2018-08-01","0.058210468575487","0.0854886646512936","0.143087621512569","0.385283597213066"
"2018-08-02","0.0540751792845318","0.0531218856224011","0.0151898593542735","0.772630070346764"
"2018-08-03","0.209195365564694","0.0957765605492743","0.395219490314407","0.786530415057228"
"2018-08-06","0.152076494509865","0.0998052688213978","0.689197769043032","0.737600454945875"
"2018-08-07","0.97478649634811","0.947330502280433","0.91969352461875","0.695101190345887"
"2018-08-08","0.172028409559242","0.112053352880587","0.664959433167859","0.423816530510828"
"2018-08-09","0.916283250907563","0.940357507884088","0.811968603944115","0.301083811908767"
"2018-08-10","0.527751949007094","0.61023222327197","0.17846226016466","0.0543601564539824"
"2018-08-13","0.405786579644178","0.610102391913849","0.0688459485138525","0.169008049271077"
"2018-08-14","0.457960473978151","0.288503137422776","0.225517654592486","0.818611495107509"
"2018-08-15","0.0581778229237843","0.100911419885148","0.0791914314915508","0.0853930852742966"
"2018-08-16","0.309930935377123","0.255892062752944","0.199198944964815","0.851924348185595"
"2018-08-17","0.151958364133315","0.165093117422372","0.642951525219415","0.695381094774377"
"2018-08-20","0.833003854629985","0.646572715563225","0.893780601256015","0.63984338319364"
"2018-08-21","0.865146220842106","0.824737728153297","0.71704232106041","0.615963899279289"
"2018-08-22","0.296701343854716","0.224594294058838","0.736189584079784","0.416159408137024"
"2018-08-23","0.647506911113643","0.645544099429487","0.281835843821709","0.301097159318362"
"2018-08-24","0.586081238672048","0.405724885194143","0.29289554816526","0.854899667458582"
"2018-08-27","0.940398875905902","0.951393020056968","0.97370795612511","0.923972982999193"
"2018-08-28","0.478619228520668","0.461257666264085","0.634943151199013","0.501177667904726"
"2018-08-29","0.400702734475667","0.338422130594394","0.588872859222008","0.878552623419837"
"2018-08-30","0.157770567734816","0.148673908206065","0.160434760465172","0.118362466294861"
"2018-08-31","0.351712023856399","0.252181004237545","0.137630443116548","0.422836789181702"
"2018-09-03","0.458616578358087","0.42321349236082","0.222161888389215","0.423661041304921"
"2018-09-04","0.86633141665854","0.794646981669257","0.831407699862945","0.27667539065953"
"2018-09-05","0.0722244701637919","0.103808494036725","0.0123503389947615","0.197530767351756"
"2018-09-06","0.347935460825533","0.268184031126245","0.167144291816684","0.162721962619784"
"2018-09-07","0.676746968483634","0.446820259613385","0.468176119542046","0.256121344175934"
"2018-09-10","0.136933712289323","0.0974541237581437","0.130222212182112","0.576478850261886"
"2018-09-11","0.459441877118076","0.509912786717882","0.24091295622926","0.737510689979261"
"2018-09-12","0.396402154918449","0.285186113186008","0.364281449599661","0.48399663652134"
"2018-09-13","0.886501122616103","0.677948283344566","0.970959154832621","0.845738099775142"
"2018-09-14","0.449363888338968","0.290406273539354","0.826396373054239","0.482792410582536"
"2018-09-17","0.139134456167305","0.142449545872748","0.132187563471264","0.0748236082913793"
"2018-09-18","0.955584236090945","0.875063323770651","0.682690763265294","0.817701149207239"
"2018-09-19","0.87324387543591","0.827980839960501","0.847566828076146","0.569328541670047"
"2018-09-20","0.494306758308652","0.424219395562996","0.594913810653647","0.937543733812571"
"2018-09-21","0.980262350156815","0.923926897462852","0.929618489178692","0.431450699232509"
"2018-09-25","0.292485592456874","0.27389139971877","0.0755005705548386","0.0912543156722761"
"2018-09-26","0.816907276704232","0.733500887976072","0.838729019195645","0.170187004802964"
"2018-09-27","0.303413657034723","0.190206627799965","0.344840650359453","0.646252349141244"
"2018-09-28","0.849618234166645","0.740147887253455","0.586858446651315","0.440623507389007"
"2018-10-08","0.00662851049771235","0.0060813855846647","0.000175176481856251","0.0240757497893654"
"2018-10-09","0.570237821986324","0.480272903022203","0.42474941121592","0.314798846580792"
"2018-10-10","0.576504176554818","0.312995347654856","0.499941735730035","0.00119540482964031"
"2018-10-11","0.00279153969699629","0.00117637142386245","0.050623088246515","0.0499692365845379"
"2018-10-12","0.754950736662564","0.598681966368017","0.842474231697078","0.787448848642619"
"2018-10-15","0.16651483077492","0.179598677617548","0.235951387677374","0.323696533316493"
"2018-10-16","0.296300877273351","0.137564631846482","0.492269261147048","0.917078699811138"
"2018-10-17","0.692615067628274","0.694336813109429","0.482040999209862","0.506172727997482"
"2018-10-18","0.0397431439808936","0.0905504940773444","0.473593441549843","0.112428175271013"
"2018-10-19","0.943595471061026","0.921558224241586","0.593681013897051","0.438665824747436"
"2018-10-22","0.981470236917598","0.981154092370295","0.904146256913077","0.330812095100656"
"2018-10-23","0.109309715108563","0.136645955352677","0.0469889473501848","0.290418036510436"
"2018-10-24","0.593099191949323","0.411697604112174","0.371987399272238","0.0197644657540772"
"2018-10-25","0.521452995482987","0.429787386606028","0.259442500292705","0.832326408916707"
"2018-10-26","0.46766737800671","0.415758285691289","0.235399160760401","0.133250675296458"
"2018-10-29","0.0960583302173063","0.0980413980186626","0.583178004176557","0.303683672328845"
"2018-10-30","0.760853495887247","0.664762544118823","0.262221848720876","0.810270443181192"
"2018-10-31","0.819194452040047","0.769228476491668","0.841788931513707","0.768530275660566"
"2018-11-01","0.552359327352562","0.741180530112689","0.872975580553008","0.778756481393655"
"2018-11-02","0.949738553499851","0.967965636289571","0.990339209667202","0.306047098410544"
"2018-11-05","0.39856561347332","0.3921356900467","0.0913790242568116","0.645727246875771"
"2018-11-06","0.446277910593585","0.350319827074519","0.667723959077417","0.692025422178037"
"2018-11-07","0.320339878080621","0.356324803836723","0.514554130245455","0.950976150767815"
"2018-11-08","0.448037490854596","0.321204595910645","0.575207346842411","0.420378652151148"
"2018-11-09","0.157680884609684","0.320223517827098","0.0687483375594297","0.160729206092032"
"2018-11-12","0.826690142195491","0.91087587156461","0.504585672450941","0.0428839941433981"
"2018-11-13","0.768970234020895","0.820335240627904","0.663313198286055","0.389607539082926"
"2018-11-14","0.262908032122285","0.31844092163532","0.328366545960884","0.241375900469756"
"2018-11-15","0.854510144182536","0.759895766642929","0.881697663406511","0.769529289037813"
"2018-11-16","0.636718269681851","0.6750681404753","0.5964713468212","0.569270213164508"
"2018-11-19","0.773656732580973","0.641871999535683","0.712889552726283","0.0766521321566644"
"2018-11-20","0.062610766777648","0.045170779495507","0.0725564403389044","0.0770862498455557"
"2018-11-21","0.577923896300757","0.603737406053663","0.641420737238072","0.529743240452071"
"2018-11-22","0.435333681281342","0.406965443787796","0.548305075345789","0.475135448978125"
"2018-11-23","0.0407525350506284","0.0319017245599947","0.358898256731505","0.278509254921771"
"2018-11-26","0.47264132682168","0.411335647526474","0.906609933206704","0.8610888952891"
"2018-11-27","0.504188586071205","0.55335143805014","0.423270502927325","0.614447616808881"
"2018-11-28","0.822046453650003","0.840696328648625","0.864715504872053","0.959385918378249"
"2018-11-29","0.147118805164621","0.0922797441471271","0.206021365871939","0.436636531147955"
"2018-11-30","0.765770179218097","0.769284350705683","0.559634639648632","0.781788146468345"
"2018-12-03","0.967336585040663","0.961225908212395","0.976407666084194","0.870957761284846"
"2018-12-04","0.642006820251728","0.537596866086754","0.623238581636411","0.00548012143741921"
"2018-12-05","0.310463525204366","0.390101008833032","0.0832536270624339","0.423094339806349"
"2018-12-06","0.0966677522952549","0.0695086031508928","0.0298625903105439","0.41634640643876"
"2018-12-07","0.522168059165576","0.488917532849036","0.346532715816259","0.0444483689234384"
"2018-12-10","0.251876639046498","0.164955223354796","0.174533823023249","0.48928172468121"
"2018-12-11","0.642170668581759","0.707687017580077","0.497332806957553","0.462116748776939"
"2018-12-12","0.626153197905771","0.507162012907936","0.884267701664526","0.641745574750888"
"2018-12-13","0.867333217579297","0.836464297419913","0.851725643942937","0.477461239418535"
"2018-12-14","0.0998642735789923","0.0640905388326908","0.102007094497078","0.0606900559747296"
"2018-12-17","0.572727608590326","0.380894981367594","0.456777039601115","0.0659456137068712"
"2018-12-18","0.235312575818621","0.24333283833349","0.184997829824616","0.445323136826278"
"2018-12-19","0.180721658191488","0.167640196363098","0.547971289907392","0.143046941233532"
"2018-12-20","0.330611364306579","0.491450154586323","0.199007441144337","0.145918094856436"
"2018-12-21","0.245540651320203","0.19563332712319","0.666076266797168","0.110048409989572"
"2018-12-24","0.681111275208542","0.69165670568807","0.331947287583842","0.0804148274302717"
"2018-12-25","0.214746836714277","0.254441456188908","0.472379687751458","0.450685937295676"
"2018-12-26","0.422593176065663","0.309908103751776","0.474857322705352","0.973166942055642"
"2018-12-27","0.289911155809994","0.206697669245133","0.228801516580905","0.719203020601189"
"2018-12-28","0.700426171287074","0.598588773872915","0.516365269159099","0.476045512902397"
"2019-01-02","0.138758979947276","0.154825091570693","0.077387054978781","0.719479224842474"
"2019-01-03","0.515925951808517","0.251938301015679","0.3507326017163","0.0650381944662577"
"2019-01-04","0.969288599758373","0.960818468444405","0.97100014217909","0.948451383926503"
"2019-01-07","0.781883937534726","0.850084708132175","0.808358913166093","0.696878019586365"
"2019-01-08","0.411113590850566","0.440451410814245","0.554131519211321","0.747410118541552"
"2019-01-09","0.785748826462525","0.710953394742201","0.974543265352979","0.620712568430878"
"2019-01-10","0.362498153999015","0.384141733419982","0.60375348082652","0.632467097519404"
"2019-01-11","0.801282100103379","0.686435003262441","0.713109675357984","0.479312604713449"
"2019-01-14","0.230059486432614","0.212897948032208","0.0872084778754949","0.288788048301172"
"2019-01-15","0.920728210927346","0.915296850755952","0.960441970985702","0.808140567052361"
"2019-01-16","0.51387186086644","0.413720751219259","0.616380771699854","0.581479011907835"
"2019-01-17","0.326355640620028","0.22461400527289","0.267723659938625","0.771691406162907"
"2019-01-18","0.93227824111616","0.858859727284798","0.883078739948391","0.91066394652025"
"2019-01-21","0.739933901921212","0.679797696459614","0.666483897076232","0.504501578488849"
"2019-01-22","0.108176142691392","0.116913167028086","0.210562219935803","0.0488472497665827"
"2019-01-23","0.532392418502435","0.530585011983064","0.47184721878978","0.528147937696062"
"2019-01-24","0.69301631935661","0.688044956325598","0.676364345499397","0.527756617245971"
"2019-01-25","0.6844821503012","0.596980670760641","0.951680308536383","0.823527529006968"
"2019-01-28","0.416768101047259","0.429572549536313","0.503472510474629","0.153512548281873"
"2019-01-29","0.453354829036111","0.297761260242058","0.389286721141989","0.374893056863265"
"2019-01-30","0.184261203145978","0.146713036319207","0.681178349300025","0.942806116224368"
"2019-01-31","0.685409061695826","0.538682645539382","0.893200829215777","0.864097982618856"
"2019-02-01","0.937915796933199","0.981394225008187","0.45690748397791","0.546032634343882"
"2019-02-11","0.937184238261235","0.983153207678755","0.824104636973164","0.53807898449086"
"2019-02-12","0.789869863282074","0.798307280135331","0.53859499209315","0.953311539654149"
"2019-02-13","0.967388463918913","0.923185275293982","0.917998464166161","0.700184054661503"
"2019-02-14","0.460713746946419","0.65526185641154","0.348748373983426","0.284481227833129"
"2019-02-15","0.0664950363621074","0.17711228908038","0.0194943212167327","0.94154847589468"
"2019-02-18","0.986792957554067","0.991847206340671","0.945188807938596","0.488204687263628"
"2019-02-19","0.500807014481169","0.430051210187001","0.300848666458894","0.569223035425198"
"2019-02-20","0.568691804647211","0.626212986588648","0.850866405011841","0.59626942146405"
"2019-02-21","0.329448021258593","0.36959296935654","0.680561846664468","0.180448363773581"
"2019-02-22","0.962374974811377","0.947962419557513","0.769433102177213","0.86135368252362"
"2019-02-25","0.998976399453958","0.998320679808741","0.722213379398618","0.57249982961418"
"2019-02-26","0.256998048151967","0.345403795944124","0.203353413743617","0.367222522166144"
"2019-02-27","0.606317933101964","0.26217422850746","0.43691486472276","0.374423328015144"
"2019-02-28","0.314109121507435","0.564607095639891","0.266224694486761","0.198431356628609"
"2019-03-01","0.916761888960768","0.831686445619077","0.776389919917688","0.891872660208087"
"2019-03-04","0.804411058975939","0.919589367464833","0.745900360740612","0.16434734939673"
"2019-03-05","0.745613481484755","0.90550609560305","0.479149693185794","0.325621088203499"
"2019-03-06","0.885098636815019","0.74610239126932","0.630136198114042","0.0762072136340044"
"2019-03-07","0.495896123034116","0.414583897901001","0.115266273495569","0.0660092647098255"
"2019-03-08","0.00397056164331317","0.0291850733972102","0.0173505417148422","0.296773736216313"
"2019-03-11","0.894752315655559","0.970749413001605","0.845121328130091","0.959495959791632"
"2019-03-12","0.760952564501393","0.760054238744863","0.924031996449895","0.689026116471058"
"2019-03-13","0.186678834316008","0.0902920574919293","0.310916234059231","0.85834174945706"
"2019-03-14","0.171526289740937","0.150720821264517","0.54790803544575","0.412719722843521"
"2019-03-15","0.75069540763385","0.783998512657714","0.733054237016137","0.786475857481899"
"2019-03-18","0.938459918687093","0.92754859382443","0.924763800281017","0.742145460849681"
"2019-03-19","0.407377173087756","0.477684023061922","0.59312843930225","0.445595483001083"
"2019-03-20","0.45398745513006","0.383679928045959","0.253241465775182","0.212214034945129"
"2019-03-21","0.567294041772762","0.662405216855166","0.146385594566672","0.959097175078842"
"2019-03-22","0.481892980562972","0.499635172941349","0.544232274220586","0.00397529447983031"
"2019-03-25","0.05664948190418","0.131449579600757","0.02210124947145","0.364381402280403"
"2019-03-26","0.110337437560708","0.120263803836932","0.532008582115391","0.791588982716731"
"2019-03-27","0.721034985126635","0.731902373745521","0.7155549859137","0.237905767020016"
"2019-03-28","0.208761997580739","0.306110532723329","0.559352262654443","0.643167398941066"
"2019-03-29","0.974978262553875","0.976154933396291","0.840387907896893","0.810483008618814"
"2019-04-01","0.942742921420949","0.958367592714577","0.956846378859754","0.938550252553262"
"2019-04-02","0.513938839276639","0.475632741328332","0.600705828167967","0.500133481653974"
"2019-04-03","0.78897439567195","0.665936978797162","0.89575503380393","0.608572244512001"
"2019-04-04","0.722525554984946","0.669056754621893","0.398691696303459","0.611141463732381"
"2019-04-08","0.427838708867102","0.319562824568898","0.703096102002593","0.83566380667857"
"2019-04-09","0.392093058292453","0.703059263434617","0.621916505768923","0.102433752855572"
"2019-04-10","0.465871603039115","0.460570693290646","0.405336386494781","0.675543270101678"
"2019-04-11","0.0795760667187909","0.0546459178431475","0.122884571427284","0.453598440190641"
"2019-04-12","0.433846173040174","0.414432005309904","0.597271205479156","0.872085020278623"
"2019-04-15","0.331981058273535","0.276968569833818","0.306788716812623","0.411559062616364"
"2019-04-16","0.955479970706925","0.919386407393117","0.894884383833501","0.479810188237109"
"2019-04-17","0.543464269626931","0.615965634429836","0.470547022455904","0.242612320538353"
"2019-04-18","0.305628888577578","0.341467114156368","0.218580065769091","0.562607831455134"
"2019-04-19","0.667571641393818","0.792918207109538","0.463448079818355","0.433017336969876"
"2019-04-22","0.061474617448727","0.104845046809378","0.468884503949989","0.525766393750519"
"2019-04-23","0.279219836170832","0.243698534484639","0.468268554980362","0.95994581224073"
"2019-04-24","0.481520944009638","0.762690745105038","0.206638018371414","0.25453453419768"
"2019-04-25","0.0267291455969854","0.0283642086095366","0.112571678598695","0.378059275916672"
"2019-04-26","0.144298527017046","0.213746235117532","0.579356445957684","0.838759577901895"
"2019-04-29","0.23459787728401","0.147792864766911","0.891547425882253","0.56487786537277"
"2019-04-30","0.637357086607852","0.645532978399216","0.174389915658052","0.535502582656287"
"2019-05-06","0.0023039095989019","0.000343529039882107","0.027958003640948","0.0748906204101513"
"2019-05-07","0.663418014807243","0.809308249598836","0.721559594963551","0.00310398346056989"
"2019-05-08","0.215784294074332","0.258439677942079","0.092819016922441","0.308632439369241"
"2019-05-09","0.158543089051174","0.267658786508609","0.0156949158894796","0.276181444414721"
"2019-05-10","0.958262864888186","0.95108958026899","0.769817231881106","0.653967556515099"
"2019-05-13","0.212272786794076","0.243022186093541","0.482326905785356","0.00621019048085163"
"2019-05-14","0.315493090792693","0.334989615637695","0.098268480034952","0.71624286357572"
"2019-05-15","0.874906303173038","0.874250130088044","0.670966378612121","0.709888249964224"
"2019-05-16","0.633709878129665","0.546088848359487","0.489231904582344","0.821744804122058"
"2019-05-17","0.0644831036724346","0.0717294630836374","0.140195784291359","0.237399859764574"
"2019-05-20","0.385304186152036","0.30130211689955","0.264722428108234","0.190456043622733"
"2019-05-21","0.780920020115885","0.824077399448373","0.296201589792001","0.784475321309077"
"2019-05-22","0.356175276410614","0.362320489596632","0.551509217017399","0.352362875697916"
"2019-05-23","0.174272456543503","0.106217309930994","0.0742265087126786","0.083841727010947"
"2019-05-24","0.49515194596096","0.402615996345225","0.603949073367977","0.494863017177265"
"2019-05-27","0.826487343989703","0.870822682677018","0.378240292617855","0.463103005294576"
"2019-05-28","0.659240316196001","0.612697925024971","0.640860959491456","0.152696955949943"
"2019-05-29","0.534158506655614","0.426007609745936","0.256611898003568","0.194483526930279"
"2019-05-30","0.386773411291004","0.306467270950731","0.286240782716203","0.535122233236259"
"2019-05-31","0.402990113282386","0.434210113543952","0.184307104053037","0.0833009666822071"
"2019-06-03","0.383002189360105","0.296012820188772","0.452885301445834","0.33927682274641"
"2019-06-04","0.194683400482145","0.217655569542861","0.265163902757803","0.953120862333871"
"2019-06-05","0.47635557421214","0.470740455877241","0.708894079803669","0.80888897879729"
"2019-06-06","0.145703036380218","0.12171225453411","0.615362856169422","0.750362263364978"
"2019-06-10","0.770128352522427","0.817240045117991","0.985892822613992","0.941019538186196"
"2019-06-11","0.96957160045616","0.972558464102167","0.829373065647948","0.492494769997191"
"2019-06-12","0.299369197799283","0.266818623990157","0.0439530016278082","0.356339738753594"
"2019-06-13","0.498205230412141","0.486132820818613","0.435401625958949","0.675643604427699"
"2019-06-14","0.178694650899227","0.151823575029044","0.232944673698853","0.372552891762427"
"2019-06-17","0.556222923335385","0.411615227614322","0.655115748401743","0.506960668848716"
"2019-06-18","0.516712809739168","0.542138387716736","0.847699485042078","0.906789345905936"
"2019-06-19","0.810985951770393","0.818369445709686","0.988467074298017","0.685329499567056"
"2019-06-20","0.969757148938533","0.913862212280885","0.906586187713045","0.927589404707958"
"2019-06-21","0.654977669840762","0.713368794488406","0.364496871808805","0.389357090423214"
"2019-06-24","0.549179762688699","0.463981503677943","0.539791769425718","0.31200497251038"
"2019-06-25","0.177030916198746","0.224128838249612","0.114228796229972","0.0436313658022529"
"2019-06-26","0.39311766834543","0.494399832379228","0.52772473415902","0.341409109939638"
"2019-06-27","0.737750425894979","0.815252400045739","0.916942219935334","0.677050149632881"
"2019-06-28","0.240983791179093","0.27757833971474","0.354723015452152","0.802610185321123"
"2019-07-01","0.967771251693877","0.988949863335726","0.470082315430366","0.887144896336231"
"2019-07-02","0.450719039171706","0.489902514720499","0.892398500937897","0.695880600500456"
"2019-07-03","0.153437787127632","0.184114773464562","0.444441201638038","0.907004199528372"
"2019-07-04","0.335880221515762","0.305083434402244","0.366076491855734","0.476294565649484"
"2019-07-05","0.549119728176171","0.728398951042738","0.428656052486859","0.288031433163507"
"2019-07-08","0.0154426794117612","0.0359359631979754","0.0443170708407299","0.120707805032476"
"2019-07-09","0.412519980506895","0.562901131134313","0.170240048693725","0.513828204536848"
"2019-07-10","0.312452865209414","0.339174145851531","0.624656645879941","0.778679932543187"
"2019-07-11","0.514903237423357","0.469462014403021","0.811932863432438","0.654190905629505"
"2019-07-12","0.661055075883438","0.658388762583038","0.556706622248074","0.818242860613847"
"2019-07-15","0.647780685611837","0.795823952470768","0.63097120119588","0.471194116661792"
"2019-07-16","0.404699177093279","0.354387914931414","0.602733284959376","0.15683140822315"
"2019-07-17","0.381296419163448","0.580474557083769","0.420407303833654","0.0625778741992119"
"2019-07-18","0.111753447081683","0.0903018373314139","0.246429573197788","0.680939938572376"
"2019-07-19","0.801835524051894","0.759280613445872","0.900072818378945","0.0989110581055611"
"2019-07-22","0.0825126618180289","0.148046161832125","0.0526610359050473","0.623828807655557"
"2019-07-23","0.676931890934446","0.707732604288414","0.642951560664038","0.867303256989148"
"2019-07-24","0.801479117529474","0.747683334853201","0.587760768237161","0.804531472476409"
"2019-07-25","0.690702561864761","0.769854707722105","0.612930732893457","0.125763638813131"
"2019-07-26","0.590254610447088","0.453867835431234","0.1795918899442","0.875214601926356"
"2019-07-29","0.413686617598824","0.532374861355878","0.101702421648076","0.340009197746607"
"2019-07-30","0.66381629182288","0.631413319226687","0.543121355257221","0.247364577571865"
"2019-07-31","0.179128491464045","0.227845514194775","0.071141733847908","0.0302782007357996"
"2019-08-01","0.146293291864262","0.240019699263835","0.170083659749836","0.0780409156498218"
"2019-08-02","0.0569505261464145","0.10268498882742","0.0164920983117644","0.141587485682052"
"2019-08-05","0.0495788597910892","0.0769321922995621","0.0144359529599537","0.00674200863112673"
"2019-08-06","0.0660770264646998","0.124780957641737","0.268071754000384","0.784069033121385"
"2019-08-07","0.369881850993708","0.30405352947853","0.50175834053884","0.514237386353184"
"2019-08-08","0.82910983423487","0.829191046017448","0.639262911315343","0.925353392232213"
"2019-08-09","0.228462544316015","0.116107754348105","0.270949974406739","0.273407661474947"
"2019-08-12","0.916424533133661","0.936200945149862","0.326856151675973","0.124778456873753"
"2019-08-13","0.255136926231579","0.210106164447181","0.0590743069113997","0.861053482878465"
"2019-08-14","0.664965697591948","0.734905210076361","0.494490369555559","0.0186839006903243"
"2019-08-15","0.599266697213107","0.60275936379891","0.726169118771967","0.503592599901282"
"2019-08-16","0.619068636302443","0.701036444045016","0.7788491150793","0.833251471010279"
"2019-08-19","0.972142775101336","0.975181897970238","0.947638957142699","0.827134597764683"
"2019-08-20","0.436936216156592","0.483270520733001","0.402814166334613","0.250126886898911"
"2019-08-21","0.488302870361217","0.445611253200214","0.534870813109639","0.728663182613645"
"2019-08-22","0.5335336216803","0.594794980403477","0.209491516177933","0.468403427841607"
"2019-08-23","0.708290877570087","0.516725621179329","0.672048980543576","0.0219268273998107"
"2019-08-26","0.0850856492037746","0.172733812391943","0.0561341964110093","0.737569419697692"
"2019-08-27","0.920675264120587","0.9311445354697","0.43701067029326","0.385936923126932"
"2019-08-28","0.347602279648515","0.343079106816737","0.402732294974156","0.679834476299718"
"2019-08-29","0.433036035210205","0.428167755149515","0.618034497068243","0.849471130134213"
"2019-08-30","0.399762178803349","0.3232380412671","0.514913881406246","0.526358661138286"
"2019-09-02","0.926164347338491","0.961444133935322","0.32146237813758","0.475856850688781"
"2019-09-03","0.577579882251529","0.688932200188626","0.312488975322023","0.208666260326605"
"2019-09-04","0.857637433495245","0.744682516605858","0.998483455657002","0.833066216719799"
"2019-09-05","0.861485271292048","0.754462435499403","0.493369459322185","0.904086231758727"
"2019-09-06","0.689815409671481","0.654887377545729","0.724324642981033","0.548783295168019"
"2019-09-09","0.829793668192943","0.930541787028152","0.465203047565957","0.466228930569954"
"2019-09-10","0.397274246017563","0.33240905840231","0.478346042451658","0.477462397154223"
"2019-09-11","0.257676640071675","0.141900573756956","0.943572659615482","0.815476318349782"
"2019-09-12","0.809552101671776","0.727918555861515","0.369746207583871","0.652123472690275"
"2019-09-16","0.446545255439763","0.450593770434184","0.53825309194227","0.24111331308822"
"2019-09-17","0.0228784779010829","0.0442099234389474","0.104135963902289","0.602634265458253"
"2019-09-18","0.594676942800434","0.606362781376478","0.401285496383318","0.479282045452803"
"2019-09-19","0.694082842655475","0.80655109223581","0.132913970134069","0.449880971618087"
"2019-09-20","0.590038770419591","0.594662794271303","0.40679302431929","0.160841539470405"
"2019-09-23","0.0933195210096416","0.153210890868998","0.184556789027978","0.422151341354549"
"2019-09-24","0.613073415021925","0.613397592949628","0.578143886780142","0.0755780725078718"
"2019-09-25","0.0922276905685916","0.0844745080115894","0.0946019079912918","0.763259944861614"
"2019-09-26","0.123722371049775","0.042094138119725","0.64123188163926","0.320558879915804"
"2019-09-27","0.529866266143548","0.764970415755897","0.329811083214593","0.17369030349782"
"2019-09-30","0.11642639876502","0.162680106042237","0.715304916235676","0.719098822101627"
"2019-10-08","0.626698547654937","0.604028494996781","0.184679585126371","0.00332067372185079"
"2019-10-09","0.677222684726138","0.590310057166025","0.165870650840779","0.728388989607386"
"2019-10-10","0.831734915687109","0.880109081504299","0.516748465112654","0.716404335903207"
"2019-10-11","0.856417362410485","0.570130941421211","0.984768935665726","0.853545542909956"
"2019-10-14","0.908825872558804","0.864804904266179","0.8334280960742","0.434599115369145"
"2019-10-15","0.20934728174703","0.124720153153627","0.446141118438636","0.849448143433221"
"2019-10-16","0.26757156400139","0.388691389041441","0.748964827122804","0.390388358527909"
"2019-10-17","0.442803475025149","0.456945728528663","0.787679938774273","0.603134019893796"
"2019-10-18","0.0525683590772184","0.139577477215143","0.259246270992938","0.266798153968315"
"2019-10-21","0.501240674606247","0.550223730675021","0.479070817978373","0.783332552154335"
"2019-10-22","0.727334550208872","0.807418193431233","0.601155136647151","0.283303725608145"
"2019-10-23","0.25625693433025","0.194174838894828","0.145282833706899","0.610262531461432"
"2019-10-24","0.459871379509542","0.439729121425883","0.848766604442213","0.579055285936656"
"2019-10-25","0.729025370980466","0.836693843641448","0.245646483031527","0.710672639743201"
"2019-10-28","0.86347945901093","0.906064256386467","0.843984776356539","0.801926403191003"
"2019-10-29","0.108263711487974","0.245867068820004","0.27975817626964","0.41009607823507"
"2019-10-30","0.224926882985153","0.247704762029116","0.248665035034402","0.681842007823853"
"2019-10-31","0.291717024638117","0.275612247040984","0.865461993968072","0.239859407800661"
"2019-11-01","0.891370250810363","0.93601893135967","0.829517338933729","0.930385119998743"
"2019-11-04","0.764845130537022","0.704042199894684","0.970977116739034","0.757425439902121"
"2019-11-05","0.747149427368669","0.758841104385462","0.759010941564689","0.36063601247013"
"2019-11-06","0.244068142476365","0.187033462054225","0.486355836463592","0.49341179538706"
"2019-11-07","0.468724100585387","0.724075521448976","0.773388149648307","0.677416697402699"
"2019-11-08","0.214161121862821","0.346070246493292","0.16039820435875","0.682900435073409"
"2019-11-11","0.0177889571681982","0.0317873127887386","0.00393629511067988","0.259396969954678"
"2019-11-12","0.568057517962974","0.422123150037475","0.683366215142456","0.571172904245452"
"2019-11-13","0.31037084779424","0.558767834071995","0.063572917292231","0.502284257094427"
"2019-11-14","0.568947265090646","0.708740942550448","0.185279405681335","0.514024413763865"
"2019-11-15","0.177347010547302","0.146411159706456","0.474391224403638","0.954668929673024"
"2019-11-18","0.790372163756859","0.748581941549771","0.870123045200718","0.524083980081338"
"2019-11-19","0.862459584144029","0.935776719087503","0.908053165929512","0.344635521740043"
"2019-11-20","0.137267552345234","0.196234681921569","0.227810636172304","0.0952876522172742"
"2019-11-21","0.344291937430873","0.343939193586525","0.0851546370751158","0.244038303659023"
"2019-11-22","0.183944503168357","0.0794059616422511","0.658343813105484","0.631935528781987"
"2019-11-25","0.822942787085999","0.491639803776021","0.895197697757398","0.946909754631651"
"2019-11-26","0.497626918861891","0.669364803095575","0.368867051789707","0.708156391400769"
"2019-11-27","0.402309783747509","0.357706705340934","0.539426276858145","0.853481369835919"
"2019-11-28","0.230875929086379","0.346873670558195","0.381201278370634","0.436946161325086"
"2019-11-29","0.176642849155593","0.304856207772072","0.0381777598778686","0.0805411248186101"
"2019-12-02","0.565148973195108","0.578769941394902","0.618888260272051","0.0196148779372106"
"2019-12-03","0.669726506595901","0.713785898477335","0.398374409747181","0.0743707928773003"
"2019-12-04","0.341704364951105","0.614519591649682","0.125703095779991","0.803612033478898"
"2019-12-05","0.862090820049209","0.883176608160535","0.702984859254508","0.575217525280045"
"2019-12-06","0.736586387824804","0.792813418662537","0.837891945103671","0.929309058323581"
"2019-12-09","0.531180188988229","0.459312502554507","0.477055524286255","0.244337360179829"
"2019-12-10","0.540794633628788","0.663064774617812","0.379414001292662","0.347619431014422"
"2019-12-11","0.642440866495851","0.196481217501872","0.788217194328556","0.661528798387414"
"2019-12-12","0.269909410457448","0.386927412964176","0.904218951916453","0.931882377434459"
"2019-12-13","0.98872064630954","0.959415033541578","0.988637712304219","0.484774879111069"
"2019-12-16","0.791090655324325","0.932472943756149","0.22953167389632","0.916424241119751"
"2019-12-17","0.953919621047072","0.918050227570703","0.874831118861786","0.500362902983512"
"2019-12-18","0.348065129896337","0.405262868337217","0.556041639329646","0.384352078796481"
"2019-12-19","0.455883001163701","0.488236023186881","0.34226906099966","0.828343221473541"
"2019-12-20","0.222021244973652","0.197568648473361","0.599383279119465","0.878517583456885"
"2019-12-23","0.0269066695065876","0.0440792784960095","0.542039865410762","0.55239078286388"
"2019-12-24","0.813184626087959","0.892941876769482","0.395705729129999","0.393928050684385"
"2019-12-25","0.449484347077559","0.629520474559219","0.469640549852376","0.404096151095174"
"2019-12-26","0.875068507508125","0.76983600057218","0.470538438028865","0.900227673571394"
"2019-12-27","0.413411999023503","0.201826143533466","0.930652355970952","0.440794945883696"
"2019-12-30","0.935523086463491","0.895586655592989","0.675958570891077","0.0333268032998713"
"2019-12-31","0.652988473536183","0.702170632548948","0.249867431837473","0.690571811403923"
"2020-01-02","0.930001569103726","0.962518759079788","0.929021096112114","0.96345902400344"
"2020-01-03","0.41989307316103","0.503811670758097","0.306934415391376","0.0363048761243659"
"2020-01-06","0.438326963187359","0.673905634725289","0.143001205310138","0.7154012432519"
"2020-01-07","0.827599588839666","0.862508331081567","0.659242147700985","0.205692262096348"
"2020-01-08","0.0395057003493264","0.127594178361553","0.13881106247532","0.814681957157345"
"2020-01-09","0.87452405228348","0.937451397655376","0.96675200708014","0.912974974252175"
"2020-01-10","0.40056139979196","0.388726886028052","0.646205613052431","0.209994603821931"
"2020-01-13","0.831531946105243","0.906273020218103","0.899936331046585","0.911621625940075"
"2020-01-14","0.288551745616427","0.274845696727049","0.349708542313734","0.312291271495544"
"2020-01-15","0.178846824502287","0.435444581574725","0.275457359265001","0.610348020479736"
"2020-01-16","0.192211779799239","0.42521881313902","0.683532226722037","0.957910827031253"
"2020-01-17","0.480561642314005","0.437173429582249","0.785377753365273","0.836197498712084"
"2020-01-20","0.80861685801871","0.913764070066369","0.116240853318101","0.445762552230142"
"2020-01-21","0.0306949723296964","0.0739414563361561","0.00296109645753474","0.16092633130493"
"2020-01-22","0.617901532544094","0.844344544055133","0.869586158072143","0.429691839552837"
"2020-01-23","0.00468389331816949","0.00348837516168898","0.10303784550727","0.542709499231433"
"2020-02-03","0.000190402035788901","8.33823435414383e-06","0.000582620611825791","0.000507084127580138"
"2020-02-04","0.814319388923585","0.938124560023599","0.736123539279035","0.917352637831338"
"2020-02-05","0.79970086893089","0.836932406632136","0.583374752854936","0.903802462593298"
"2020-02-06","0.867894242611705","0.915236919765001","0.899390764255262","0.67750122347863"
"2020-02-07","0.586515818783433","0.475185858136581","0.414068260807989","0.201894077003752"
"2020-02-10","0.637500341325977","0.739623782183929","0.342627962991414","0.803324025450155"
"2020-02-11","0.607701209813062","0.543887638920963","0.76541112957708","0.577930479712649"
"2020-02-12","0.740802001057859","0.823354389362842","0.708283729734408","0.815311098653822"
"2020-02-13","0.278175265519034","0.292784477429209","0.392135360454746","0.367275444666403"
"2020-02-14","0.610872829740634","0.637909795106823","0.572551856344539","0.5728638854937"
"2020-02-17","0.946521615303159","0.934311900143226","0.640272673179432","0.451339763851773"
"2020-02-18","0.497078358000667","0.64006958488762","0.140802874338042","0.246440672420379"
"2020-02-19","0.374704640363643","0.314270634715827","0.619572666944923","0.751881075777416"
"2020-02-20","0.918714954397332","0.915513384264484","0.425754518402086","0.206197554159987"
"2020-02-21","0.583684437784586","0.709510747932156","0.191915862157367","0.0404905467075896"
"2020-02-24","0.377819628274262","0.780501636950691","0.0938366527333388","0.0020480574528342"
"2020-02-25","0.272294526416262","0.645748393024597","0.562930374162474","0.0226323060266105"
"2020-02-26","0.209493109231644","0.0455841846008666","0.266126478036777","0.345378546574735"
"2020-02-27","0.522447792759137","0.569999024387662","0.585825077723628","0.018289774392174"
"2020-02-28","0.00709899826304953","0.00844408977350464","0.0442819268398628","0.299117508250938"
"2020-03-02","0.975791613658476","0.957651832038855","0.670290549205078","0.955588151985492"
"2020-03-03","0.696896832157486","0.639303792462423","0.473148601859858","0.111289282158813"
"2020-03-04","0.670216092233379","0.539828883131187","0.396596932053396","0.942937712306388"
"2020-03-05","0.915700754281937","0.823721470214141","0.93352076125182","0.0756335369386673"
"2020-03-06","0.169335781288522","0.2647655353092","0.0470488794984089","0.206248780455523"
"2020-03-09","0.0296025252050888","0.0241795935090954","0.0070406101230963","0.0103156318904577"
"2020-03-10","0.874739079234097","0.900753990872617","0.783238793514038","0.88476226679003"
"2020-03-11","0.249086892611035","0.161744488623601","0.341319261902556","0.0830306736504234"
"2020-03-12","0.151383904224792","0.149959173296939","0.0379635584071482","0.0169418063400525"
"2020-03-13","0.200489289168982","0.272044232880028","0.245726072229312","0.944641807738069"
"2020-03-16","0.0303745515321696","0.0171452550812229","0.0399158716522021","0.0179815592942944"
"2020-03-17","0.416914362518006","0.393293844738714","0.649214908166928","0.821651076204374"
"2020-03-18","0.135328426676217","0.2094003964973","0.049027422474531","0.167290210803737"
"2020-03-19","0.276469819727044","0.472749982991917","0.130708461537731","0.510653606465623"
"2020-03-20","0.842643788823336","0.729549582820865","0.96182430921645","0.18059823078101"
"2020-03-23","0.0468514147788324","0.0281495703427206","0.0429349644328699","0.251890703584127"
"2020-03-24","0.902947498412623","0.853551241145212","0.929868531796051","0.947791889013353"
"2020-03-25","0.883974263271572","0.895079099399696","0.908115385251383","0.644347136944137"
"2020-03-26","0.364326701245599","0.343843348043376","0.375477731363222","0.924879353222456"
"2020-03-27","0.566488712285519","0.390776575035174","0.581615783727927","0.200547362379457"
"2020-03-30","0.288114289208505","0.170148012560346","0.280532850624068","0.801152244094303"
"2020-03-31","0.533375353736825","0.607935332601403","0.77682153399076","0.322937375035131"
"2020-04-01","0.352465868963421","0.4571588896483","0.172870119649495","0.0967198221449346"
"2020-04-02","0.866918122494144","0.865367881417004","0.640903962271696","0.707897189244641"
"2020-04-03","0.339920633917334","0.326643959547797","0.447152947754208","0.319144270179648"
"2020-04-07","0.907793867051756","0.932068928008999","0.962574867620563","0.961904045078697"
"2020-04-08","0.44339129583715","0.36602244943164","0.272708841537405","0.887277056879914"
"2020-04-09","0.605830756077055","0.676081848561818","0.746809990543213","0.735648600950898"
"2020-04-10","0.218707549917541","0.172117540464512","0.48784846696361","0.509794468356817"
"2020-04-13","0.354325919485948","0.355079048304518","0.4817724299132","0.311822965454865"
"2020-04-14","0.876683451629854","0.882832167497624","0.621012649917716","0.896277655244451"
"2020-04-15","0.325185887396019","0.367022466626117","0.231919748434058","0.151848868801143"
"2020-04-16","0.595829297099782","0.602431896923451","0.333561996682082","0.578739837632132"
"2020-04-17","0.702702838078103","0.627453037132047","0.823960931923441","0.895516473055378"
"2020-04-20","0.657640660467348","0.696947001718616","0.428676068115301","0.175150697291575"
"2020-04-21","0.216008148497096","0.232709234219003","0.087985106988696","0.0640986804683559"
"2020-04-22","0.695558033783788","0.744532096034226","0.594397365314179","0.817194944611917"
"2020-04-23","0.42280714556128","0.336391819299565","0.588807964731247","0.493345791067839"
"2020-04-24","0.167680394510282","0.188327419649942","0.312620042340073","0.76309232104717"
"2020-04-27","0.588120874375592","0.558827306344067","0.89248271964339","0.803249209165926"
"2020-04-28","0.420262775931283","0.621781638580884","0.817417761662221","0.372311755282765"
"2020-04-29","0.66741393519492","0.514587640916135","0.58243307906005","0.933796415036245"
"2020-04-30","0.894020424425982","0.90740790787294","0.47961079273275","0.271407805299049"
"2020-05-06","0.727854314041023","0.837817751013843","0.0673498343090688","0.071703081252023"
"2020-05-07","0.391664930671106","0.424133297010489","0.272187462373815","0.719322986873404"
"2020-05-08","0.796452408398137","0.815646943970562","0.782506082985594","0.853578530582096"
"2020-05-11","0.474797362794849","0.375414208438743","0.877406290946081","0.51389597907676"
"2020-05-12","0.431462597872886","0.629355439450117","0.127418727125312","0.0714921529174099"
"2020-05-13","0.587793328235239","0.650168672813852","0.375488513094334","0.1129383955575"
"2020-05-14","0.127839338915695","0.189047571629011","0.124840278373537","0.71879060763684"
"2020-05-15","0.453798458491604","0.488045325802915","0.419024178238302","0.595471359586613"
"2020-05-18","0.604705151694063","0.329418961688518","0.682679909083084","0.965208158408846"
"2020-05-19","0.829213493642174","0.841539964998437","0.928934977493627","0.237041173350912"
"2020-05-20","0.242832452572207","0.179804059975941","0.510537521423293","0.867027304947765"
"2020-05-21","0.230513249268594","0.203867962353942","0.301587242292436","0.26767014576704"
"2020-05-22","0.025665313347967","0.0418831176502821","0.000339471634414506","0.542772205328255"
"2020-05-25","0.563485410018445","0.463710066474683","0.480260820228893","0.475923843253003"
"2020-05-26","0.86994729140697","0.929946416012177","0.827428342228315","0.846312412177404"
"2020-05-27","0.331055362310119","0.158919137331901","0.405106224297564","0.909832649495705"
"2020-05-28","0.648293202180851","0.389891224966597","0.316835275651176","0.418593864199217"
"2020-05-29","0.595887876577824","0.748305292583815","0.306106816938935","0.678108092235425"
"2020-06-01","0.983361234371884","0.984802263748365","0.958461519240156","0.654140102539237"
"2020-06-02","0.575137331572845","0.486734238800392","0.768130211596689","0.829483596216907"
"2020-06-03","0.509514302072153","0.483857627339188","0.801287005034983","0.944033666575229"
"2020-06-04","0.401778993267713","0.560981530992796","0.537958466948255","0.315916601768585"
"2020-06-05","0.6797172465346","0.628412049447507","0.853946697198982","0.993393200276754"
"2020-06-08","0.602399567394211","0.58250545241447","0.497024117564005","0.955495902824715"
"2020-06-09","0.786403038364315","0.713708169008072","0.787256479786083","0.116829484647573"
"2020-06-10","0.249795592399493","0.642154761802731","0.475001152853222","0.178020016579681"
"2020-06-11","0.130864462316138","0.201982819573098","0.0603535084305254","0.000259585788068206"
"2020-06-12","0.451025354926405","0.501396317803665","0.263355743081839","0.663359747763635"
"2020-06-15","0.0820870501324906","0.265414438894522","0.0776507745987778","0.655441565842731"
"2020-06-16","0.950876829459582","0.946909341013427","0.928442249618391","0.842472540131135"
"2020-06-17","0.548006349801895","0.533389279044731","0.6646770897095","0.42192285377126"
"2020-06-18","0.536554092825338","0.744235812664397","0.460750782301637","0.495772731649977"
"2020-06-19","0.887096751017535","0.906953125497625","0.704533524032647","0.327756097750174"
"2020-06-22","0.420177989577136","0.605547888549037","0.315929768296039","0.650055947737713"
"2020-06-23","0.570805765360531","0.770287324898596","0.88219887490176","0.61727579908073"
"2020-06-24","0.643115132669782","0.546342481299453","0.318459580315288","0.0371054100166064"
"2020-06-29","0.158344776613726","0.255422576325882","0.0718139487908845","0.466315327661668"
"2020-06-30","0.854003019052242","0.967446906958425","0.649670172056062","0.835233721100575"
"2020-07-01","0.954804004647173","0.813284664456287","0.480966193941454","0.65297155085461"
"2020-07-02","0.985582550439002","0.884751137296782","0.975279530624346","0.637288254847441"
"2020-07-03","0.975279393781588","0.873640401421766","0.809869276320268","0.484915373098424"
"2020-07-06","0.999348902328226","0.998102227115444","0.992875289090844","0.904939532976227"
"2020-07-07","0.574762042178528","0.883458180047009","0.135583791172667","0.15063527379464"
"2020-07-08","0.909119473658385","0.912308071576701","0.664768619432929","0.732132624474123"
"2020-07-09","0.852325141910759","0.951564953010695","0.591842395675118","0.271205058252217"
"2020-07-10","0.0480026767214806","0.305152633947252","0.0876329744502389","0.8190690610614"
"2020-07-13","0.893724453854714","0.982391592995716","0.529802643213593","0.162428688955768"
"2020-07-14","0.20287110926491","0.200520490116492","0.179949120066771","0.873501009632934"
"2020-07-15","0.0935885967640745","0.116514009121139","0.475446496666355","0.825031471277077"
"2020-07-16","0.0066207408280364","0.00319019334456205","0.0699614511434078","0.341151111286975"
"2020-07-17","0.500900680690751","0.719420217294167","0.633451576626054","0.593985215156047"
"2020-07-20","0.958965220345936","0.889305550839245","0.436972313134054","0.82583959728323"
"2020-07-21","0.514267793194159","0.656216370683801","0.949443344912331","0.577044933689298"
"2020-07-22","0.561515714594056","0.675168507161575","0.0503223879032066","0.766412259576964"
"2020-07-23","0.385040083486413","0.507559038665233","0.724672307573256","0.0495749729842758"
"2020-07-24","0.01337719481702","0.00489463750916824","0.0685993668072225","0.180324277692195"
"2020-07-27","0.540289054264185","0.59826818817879","0.342609239606565","0.760796784570158"
"2020-07-28","0.660005609214234","0.73294296349978","0.68928112547681","0.20033760873661"
"2020-07-29","0.897918137238376","0.941384430994787","0.6330488866285","0.893039397007984"
"2020-07-30","0.395551310121909","0.30326601644931","0.272147728406317","0.311308589209511"
"2020-07-31","0.661781832604911","0.777603074512837","0.320651165208298","0.800376527377821"
"2020-08-03","0.87169151419622","0.871845192423709","0.291783927829073","0.816088979410128"
"2020-08-04","0.486261956025621","0.337322584791288","0.935043266430679","0.687046906091478"
"2020-08-05","0.505938771927593","0.641307294637597","0.721152800327805","0.814505024068391"
"2020-08-06","0.536007265632349","0.325962547292961","0.252634360866716","0.832857697564017"
"2020-08-07","0.175574536650988","0.167119321239156","0.0876509967917035","0.522828453374378"
"2020-08-10","0.69843841377401","0.516548838704257","0.25852678646075","0.653341783387281"
"2020-08-11","0.138470589665522","0.174726795931939","0.9450827915804","0.0679885678983804"
"2020-08-12","0.255319836563772","0.23243257909715","0.888534536147472","0.96119432045807"
"2020-08-13","0.468253962460539","0.432947067662077","0.464782589383462","0.35461507041195"
"2020-08-14","0.82270185515912","0.826154153516902","0.400630166000847","0.433307435765856"
"2020-08-17","0.95511917654898","0.86118826930189","0.728471352289993","0.641838641148619"
"2020-08-18","0.56790106725185","0.54271923909293","0.516516476534853","0.63207651980559"
"2020-08-19","0.11645602182286","0.0887941719400215","0.210258971313996","0.158999906488052"
"2020-08-20","0.1171490771779","0.219395054480378","0.0726247925046094","0.661887040865387"
"2020-08-21","0.62194406091007","0.763330312028603","0.878119658435117","0.71574068190862"
"2020-08-24","0.501189306108226","0.809244854274997","0.936225244550013","0.956710953604294"
"2020-08-25","0.319589244844628","0.475822515303869","0.378928142467668","0.78057954960837"
"2020-08-26","0.103395355361442","0.119869154918399","0.48254281109738","0.970687879729471"
"2020-08-27","0.673323215099582","0.702010620477544","0.188633215043785","0.656641280805283"
"2020-08-28","0.899345317201123","0.919702053332801","0.710951820610129","0.930231145615476"
"2020-08-31","0.359561048890746","0.294894554471773","0.154060989659888","0.237850695602299"
"2020-09-01","0.613705680222817","0.679521536357827","0.480290901187732","0.942987670190925"
"2020-09-02","0.376135841196489","0.549905693402834","0.357284522110207","0.996180606530521"
"2020-09-03","0.232871269721119","0.258249043900864","0.278558354403321","9.51607348861996e-05"
"2020-09-04","0.16062511063615","0.242212411793477","0.0905421232378585","0.214099603748953"
"2020-09-07","0.0446193287865253","0.0390266877162249","0.28091344989727","0.453496523618159"
"2020-09-08","0.716695637687109","0.512426532293325","0.541533240886664","0.0350893663362797"
"2020-09-09","0.0528160072303019","0.023151428906019","0.220885987264904","0.850200409035333"
"2020-09-10","0.267188894729501","0.274805333129557","0.212447761680072","0.135692736784228"
"2020-09-11","0.734034689134293","0.823041186262388","0.803295169773666","0.472639653097609"
"2020-09-14","0.667995378810026","0.658129599958349","0.745134768654111","0.778379117038868"
"2020-09-15","0.653430876051153","0.722340081477424","0.673688331894467","0.645352661616494"
"2020-09-16","0.325492737606755","0.227810983809585","0.458400184504025","0.35007920917574"
"2020-09-17","0.304678622266225","0.493037594696342","0.0437009408852507","0.233439460734786"
"2020-09-18","0.954696749553453","0.878432182694636","0.693834455226249","0.177734210208604"
"2020-09-21","0.237955208552702","0.269958777015676","0.02683214488264","0.179443192277143"
"2020-09-22","0.106310740294196","0.232988968971098","0.152761387103515","0.729832081696515"
"2020-09-23","0.526633690462648","0.676887025723308","0.515438499809052","0.0599471067010871"
"2020-09-24","0.0599258447201445","0.0618701206003493","0.0609345864951405","0.523686731972055"
"2020-09-25","0.427298982018897","0.48994933940323","0.341234383969785","0.838135811458965"
"2020-09-28","0.447166996693279","0.336212807404049","0.814612279701477","0.869860846337522"
"2020-09-29","0.554793408100443","0.795839691301601","0.204510872630715","0.359275294428077"
"2020-09-30","0.385788055476379","0.470873323305818","0.762910774932303","0.726854719511415"
"2020-10-09","0.935611133205276","0.975689153901903","0.985619474636963","0.985501601399095"
"2020-10-12","0.97949843706293","0.968241798362227","0.969764470918414","0.93209564571405"
"2020-10-13","0.470143648257488","0.680181579630845","0.492373553875907","0.277779900576751"
"2020-10-14","0.249923121921297","0.255919080036662","0.505840742031224","0.226033765722017"
"2020-10-15","0.354485256150344","0.351653881674295","0.0461888220142455","0.393798569130772"
"2020-10-16","0.508403794373216","0.272616008888865","0.783728091223938","0.467199954289702"
"2020-10-19","0.193396751472552","0.258516997982941","0.713249802679945","0.0556789435944961"
"2020-10-20","0.656025674954348","0.826835066479286","0.527533056628519","0.607888687858091"
"2020-10-21","0.412607209019018","0.208287904862791","0.754614679297903","0.389739637336104"
"2020-10-22","0.290237213808055","0.322938411179667","0.539125762580928","0.668551649457182"
"2020-10-23","0.108258033916795","0.0745928203261004","0.701548910405051","0.62586501619461"
"2020-10-26","0.16271142643291","0.646246178673746","0.478447404187371","0.0359430962741867"
"2020-10-27","0.509257125518203","0.649152678485014","0.260795844376642","0.329215644725832"
"2020-10-28","0.672856476915421","0.75661647272767","0.327629131611636","0.00958919128063463"
"2020-10-29","0.512025112013051","0.756965356962111","0.261092708211974","0.714671434875078"
"2020-10-30","0.0476068000013895","0.0647402809129785","0.0304837812886882","0.202320957650108"
"2020-11-02","0.476168504451878","0.838551896798143","0.907962307237327","0.758887935543891"
"2020-11-03","0.929264890228374","0.789242442151587","0.954374926713025","0.877752320112794"
"2020-11-04","0.554277767700219","0.669364537000023","0.39653149219601","0.934198882763968"
"2020-11-05","0.913379333951371","0.881845703989136","0.992889065485978","0.930368003882822"
"2020-11-06","0.34271486672554","0.346116347371691","0.53353676176282","0.512824094256751"
"2020-11-09","0.963540899411443","0.932823808684623","0.847394673119358","0.847286916163452"
"2020-11-10","0.27777510261243","0.189898482588995","0.844191021276935","0.439659500661646"
"2020-11-11","0.230977767040333","0.0931167921937845","0.366359932893058","0.770980621026291"
"2020-11-12","0.404388800883318","0.631316826407478","0.379270188278131","0.129894845310777"
"2020-11-13","0.137345095195724","0.39593068491462","0.450041121586279","0.887216645615287"
"2020-11-16","0.872865294866051","0.695246487201974","0.810780009399213","0.888820299363917"
"2020-11-17","0.357529261050415","0.229170919067727","0.546462845308605","0.281271692526499"
"2020-11-18","0.561808780379792","0.31396778453391","0.707067027862746","0.0872046577755319"
"2020-11-19","0.681957488440553","0.745438864961393","0.194403745571989","0.60431128989991"
"2020-11-20","0.66813223269352","0.661007697086624","0.652794345848767","0.206344990527849"
"2020-11-23","0.886780345717134","0.722990184717771","0.548792910839263","0.685911470421603"
"2020-11-24","0.277891205879002","0.336755984281613","0.679119124816342","0.941095550290408"
"2020-11-25","0.0664197683889873","0.0753862277545135","0.648620656087499","0.43193717656547"
"2020-11-26","0.561703944032017","0.342254600256561","0.764194160197828","0.464572266280836"
"2020-11-27","0.893394994062894","0.703137536852253","0.644171785222267","0.590000828575398"
"2020-11-30","0.229875938182288","0.414257427903138","0.0132039735721902","0.228249714449599"
"2020-12-01","0.960679627746405","0.932021259069279","0.817182252367154","0.904033531556684"
"2020-12-02","0.407608677254936","0.542240986183604","0.41782684121003","0.597714283522708"
"2020-12-03","0.341655995448314","0.517289566010265","0.784654426624892","0.424962112093297"
"2020-12-04","0.47778034484811","0.622369568671326","0.678112693692357","0.890054377569047"
"2020-12-07","0.125014494800095","0.329038035300715","0.0913863634649912","0.34951260256101"
"2020-12-08","0.351447467898086","0.465896384674866","0.178331216388896","0.639450783181384"
"2020-12-09","0.0752019151017349","0.0434765872172826","0.785950344450745","0.0764965142512618"
"2020-12-10","0.473081088088806","0.533426969995371","0.320461546768432","0.344719702299898"
"2020-12-11","0.142458642215775","0.0995371808798037","0.652814623929106","0.361433713622506"
"2020-12-14","0.763427403946462","0.828515961889856","0.275419822144692","0.203537435769593"
"2020-12-15","0.424287568370385","0.653878072884153","0.187461046581784","0.943106591729079"
"2020-12-16","0.448003575649225","0.455682752320646","0.860253884209843","0.612105588076124"
"2020-12-17","0.906295221242721","0.819216698743391","0.837163236519887","0.811941359807619"
"2020-12-18","0.297292018262288","0.366098179230371","0.191946121209115","0.237295458959222"
"2020-12-21","0.812120277329025","0.961055219872445","0.172455878413878","0.201568315380145"
"2020-12-22","0.0189774595329229","0.0514614523775179","0.177163263488175","0.301115006161968"
"2020-12-23","0.790119568620415","0.81033974302956","0.834853639939551","0.487351805702565"
"2020-12-24","0.214834084585518","0.212655589982192","0.574486786482639","0.688451077571938"
"2020-12-25","0.854915475150542","0.761495129878505","0.472196682824526","0.457733383914501"
"2020-12-28","0.465017629635478","0.511047546652445","0.326741795712613","0.919219568245146"
"2020-12-29","0.216746817207973","0.30212674484191","0.879684109294222","0.303130436669439"
"2020-12-30","0.873409956308882","0.914735328382476","0.990157496706228","0.544809311626521"
"2020-12-31","0.956143531295112","0.940126101561768","0.67596862906747","0.877244078678496"
"2021-01-04","0.80637246271375","0.964412267713306","0.851934041168419","0.00850099617549602"
"2021-01-05","0.765543108028053","0.941084384009372","0.792325502024214","0.792707078746172"
"2021-01-06","0.728188898713204","0.555554787051488","0.569661977408128","0.793729571395777"
"2021-01-07","0.761141586833975","0.816664555317961","0.225516863064729","0.974757512457001"
"2021-01-08","0.350524808303517","0.368107673288836","0.921552811648614","0.839585150374223"
"2021-01-11","0.08158918265955","0.133815862794808","0.551167307698347","0.109305658241756"
"2021-01-12","0.975319031028935","0.947827477282623","0.94027211072436","0.455276755052487"
"2021-01-13","0.322107077435797","0.275205655947062","0.395306963703192","0.606442980850814"
"2021-01-14","0.129574196355877","0.0771360113587435","0.876090445503335","0.20655084826509"
"2021-01-15","0.448603935599644","0.393657008745209","0.646680187246616","0.0910303183850624"
"2021-01-18","0.79076043198116","0.874121155173165","0.900827767072732","0.423065751528677"
"2021-01-19","0.142153292977236","0.0923975977045106","0.997741543702349","0.866878414865271"
"2021-01-20","0.654787154349965","0.855712406548154","0.92318684338498","0.970624817253552"
"2021-01-21","0.853717772711416","0.892056063356613","0.419381251891344","0.533352217495314"
"2021-01-22","0.265161135343897","0.698832507247874","0.0450805675100441","0.243636839694769"
"2021-01-25","0.663371391999353","0.628716348885631","0.984476625856556","0.695213959875498"
"2021-01-26","0.0449223011591009","0.0582972121175793","0.0150118935425954","0.33856244427242"
"2021-01-27","0.495145983523923","0.611836033598399","0.344542984148694","0.00176069025547931"
"2021-01-28","0.0277532866746668","0.020077469820145","0.0366962122880193","0.775716719601161"
"2021-01-29","0.222222280676413","0.338526691786325","0.214376509993353","0.0360607609725199"
"2021-02-01","0.717622274839082","0.799799710608372","0.920171996178453","0.878254511023781"
"2021-02-02","0.775751799294737","0.903294934087693","0.823134805516787","0.888273244696859"
"2021-02-03","0.266365867771795","0.283111719737809","0.557433911416439","0.549056222823364"
"2021-02-04","0.274649316994245","0.279702553138897","0.278791583357694","0.857519916045898"
"2021-02-05","0.385716699290287","0.285820230750423","0.683502047557782","0.673520345321282"
"2021-02-08","0.849592918251645","0.878136476971396","0.522684451077226","0.803417562322806"
"2021-02-09","0.964608293834559","0.917651161418755","0.679469786915863","0.42492556018424"
"2021-02-10","0.903003562582039","0.902800524493117","0.938208003422141","0.438707211069106"
"2021-02-18","0.673111355296044","0.187571883864135","0.941293398520093","0.515689523606716"
"2021-02-19","0.680525364670606","0.610049597787432","0.560881378465837","0.344179254521702"
"2021-02-22","0.0595596854389473","0.0320878930604032","0.159888424287845","0.107550731288727"
"2021-02-23","0.376708021731406","0.362836037626022","0.820737066156029","0.501282197855501"
"2021-02-24","0.0316952363671875","0.0669046213545785","0.0129896337116339","0.919039456933219"
"2021-02-25","0.682644903140893","0.451361200812116","0.813523928554113","0.00574589409365593"
"2021-02-26","0.0332609481020412","0.0860470245001476","0.0155556036871244","0.251998302278274"
"2021-03-01","0.836600401875888","0.916588088036701","0.834509700773519","0.9635336312912"
"2021-03-02","0.130051520449074","0.272437137385891","0.221899156577638","0.219299245238195"
"2021-03-03","0.929266513080913","0.792864742286279","0.931058351487602","0.0979970784766133"
"2021-03-04","0.0539067782080214","0.0300423566581452","0.102594664134128","0.109128085107627"
"2021-03-05","0.457469762375088","0.544105850715754","0.349581306496546","0.902635518173271"
"2021-03-08","0.0444859385765113","0.0252673628483685","0.12635749375341","0.327298319688527"
"2021-03-09","0.0910199620355953","0.10837313691697","0.687509421012327","0.862321085315659"
"2021-03-10","0.471655757130654","0.585178477658336","0.617950558588997","0.715284894174654"
"2021-03-11","0.942322436308233","0.875897997373125","0.851902348572898","0.836594528483996"
"2021-03-12","0.621663162194863","0.490090917741851","0.0858346128283319","0.541626759447174"
"2021-03-15","0.213713697605036","0.0952063838628199","0.568676421699145","0.751814538160427"
"2021-03-16","0.714091560158205","0.665468476893147","0.675577591150589","0.403952612204927"
"2021-03-17","0.465964122039092","0.751395695522973","0.490171173602048","0.607820606255487"
"2021-03-18","0.6460507435239","0.713795823976472","0.816986522096901","0.0397307555921805"
"2021-03-19","0.0830790599057431","0.0901334293391581","0.148405383716883","0.403247432626594"
"2021-03-22","0.809068829226725","0.731747175170113","0.354751043064789","0.752763905923228"
"2021-03-23","0.207413552819878","0.242733237414934","0.150949536681543","0.173221550161716"
"2021-03-24","0.140328774040212","0.204773858042004","0.0746896684939819","0.22935050442459"
"2021-03-25","0.450393995869791","0.503834871664137","0.444512260755292","0.674417833710611"
"2021-03-26","0.894349481017408","0.915237643453458","0.86224726011242","0.947925116421093"
"2021-03-29","0.644834725790561","0.465932090120865","0.49029475755118","0.467938971623328"
"2021-03-30","0.687357730008719","0.706780822569723","0.745918445044596","0.305849740443146"
"2021-03-31","0.326800134134752","0.272920288768074","0.264416476787002","0.641532928855724"
"2021-04-01","0.722097080057131","0.820829218334468","0.929914603693581","0.92289623321339"
"2021-04-02","0.664387557657063","0.711924292402639","0.490601470911191","0.497226588119339"
"2021-04-06","0.453972396931105","0.423673531304709","0.476423950158436","0.958121650626447"
"2021-04-07","0.429949476212699","0.271979778447134","0.193134995163255","0.604550104140782"
"2021-04-08","0.504201106308353","0.52618778315215","0.843982095104046","0.748207253019995"
"2021-04-09","0.148595999679991","0.165158905519699","0.158455215281573","0.901242273660113"
"2021-04-12","0.120382600638553","0.0741300464956985","0.194234610146682","0.461435570948169"
"2021-04-13","0.286078738632476","0.546075888855658","0.46883390199378","0.440264713801625"
