,mean1,sigma1,mean2,sigma2,mean3,sigma3,mean4,sigma4
2016/12/1,0.003463,0.007306342,0.000654,0.007199384,0.000330,0.009286751,0.000715,0.005735763
2016/12/2,0.003463,0.007360822,0.000654,0.007280869,0.000330,0.009006082,0.000715,0.006197792
2016/12/5,0.003463,0.007842417,0.000654,0.008289254,0.000330,0.009588172,0.000715,0.005958601
2016/12/6,0.003463,0.008556447,0.000654,0.008836016,0.000330,0.009807288,0.000715,0.005620322
2016/12/7,0.003463,0.008334411,0.000654,0.008531225,0.000330,0.009508482,0.000715,0.005313611
2016/12/8,0.003463,0.008335903,0.000654,0.008559218,0.000330,0.00931089,0.000715,0.004992934
2016/12/9,0.003463,0.008173796,0.000654,0.00854653,0.000330,0.009081466,0.000715,0.00473267
2016/12/12,0.003463,0.008079331,0.000654,0.008340816,0.000330,0.008916868,0.000715,0.004478168
2016/12/13,0.003463,0.009974495,0.000654,0.01212405,0.000330,0.009641547,0.000715,0.004512925
2016/12/14,0.003463,0.009495376,0.000654,0.011756009,0.000330,0.009873587,0.000715,0.004271931
2016/12/15,0.003463,0.009451035,0.000654,0.012058796,0.000330,0.009544467,0.000715,0.005714891
2016/12/16,0.003463,0.009626505,0.000654,0.011659661,0.000330,0.010509887,0.000715,0.005402469
2016/12/19,0.003463,0.009237408,0.000654,0.011460757,0.000330,0.010894581,0.000715,0.005519548
2016/12/20,0.003463,0.008955604,0.000654,0.011265739,0.000330,0.010798631,0.000715,0.005226708
2016/12/21,0.003463,0.008955143,0.000654,0.011102675,0.000330,0.010687432,0.000715,0.004947531
2016/12/22,0.003463,0.009205354,0.000654,0.010992645,0.000330,0.01036697,0.000715,0.00520991
2016/12/23,0.003463,0.008773712,0.000654,0.010626791,0.000330,0.010283511,0.000715,0.00540549
2016/12/26,0.003463,0.009164552,0.000654,0.010907659,0.000330,0.010130048,0.000715,0.005123496
2016/12/27,0.003463,0.00894455,0.000654,0.010533514,0.000330,0.009810883,0.000715,0.004979913
2016/12/28,0.003463,0.008755181,0.000654,0.010091258,0.000330,0.009486882,0.000715,0.004723174
2016/12/29,0.003463,0.008692133,0.000654,0.010003935,0.000330,0.009184703,0.000715,0.006213845
2016/12/30,0.003463,0.008467461,0.000654,0.009768231,0.000330,0.009040951,0.000715,0.006126495
2017/1/3,0.003463,0.008192158,0.000654,0.00937497,0.000330,0.008774694,0.000715,0.006755701
2017/1/4,0.003463,0.008438887,0.000654,0.009441027,0.000330,0.008716577,0.000715,0.006350751
2017/1/5,0.003463,0.008463524,0.000654,0.009696695,0.000330,0.008572683,0.000715,0.005982878
2017/1/6,0.003463,0.008156068,0.000654,0.009394195,0.000330,0.008338115,0.000715,0.005845746
2017/1/9,0.003463,0.008098455,0.000654,0.009608932,0.000330,0.008583767,0.000715,0.005523785
2017/1/10,0.003463,0.00801604,0.000654,0.009393298,0.000330,0.008354969,0.000715,0.005943075
2017/1/11,0.003463,0.007927609,0.000654,0.009213327,0.000330,0.008145253,0.000715,0.005777334
2017/1/12,0.003463,0.008245838,0.000654,0.009489211,0.000330,0.008092307,0.000715,0.005462989
2017/1/13,0.003463,0.008345008,0.000654,0.009728642,0.000330,0.008164049,0.000715,0.005643484
2017/1/16,0.003463,0.00815119,0.000654,0.010239637,0.000330,0.008026891,0.000715,0.005342457
2017/1/17,0.003463,0.008039369,0.000654,0.012207949,0.000330,0.008336023,0.000715,0.005176838
2017/1/18,0.003463,0.007743188,0.000654,0.01234879,0.000330,0.008394243,0.000715,0.005552851
2017/1/19,0.003463,0.007439987,0.000654,0.012025403,0.000330,0.008226788,0.000715,0.0052588
2017/1/20,0.003463,0.007429219,0.000654,0.011709899,0.000330,0.008325317,0.000715,0.005736635
2017/1/23,0.003463,0.007501977,0.000654,0.011953309,0.000330,0.008384226,0.000715,0.005423817
2017/1/24,0.003463,0.007396006,0.000654,0.011789002,0.000330,0.008323309,0.000715,0.005704248
2017/1/25,0.003463,0.007136022,0.000654,0.011555175,0.000330,0.008104799,0.000715,0.005381735
2017/1/26,0.003463,0.006912848,0.000654,0.011214281,0.000330,0.007911729,0.000715,0.005074741
2017/2/3,0.003463,0.006751628,0.000654,0.011074799,0.000330,0.007764902,0.000715,0.00497661
2017/2/6,0.003463,0.006977138,0.000654,0.010931512,0.000330,0.008579664,0.000715,0.004789044
2017/2/7,0.003463,0.006959674,0.000654,0.010828153,0.000330,0.008655032,0.000715,0.005038082
2017/2/8,0.003463,0.006780235,0.000654,0.010543943,0.000330,0.008596661,0.000715,0.004890542
2017/2/9,0.003463,0.006711056,0.000654,0.010478893,0.000330,0.008360049,0.000715,0.004658558
2017/2/10,0.003463,0.006688068,0.000654,0.010251507,0.000330,0.00823013,0.000715,0.004410599
2017/2/13,0.003463,0.006608467,0.000654,0.009787613,0.000330,0.008023901,0.000715,0.004186116
2017/2/14,0.003463,0.006661757,0.000654,0.009803949,0.000330,0.007836162,0.000715,0.00397047
2017/2/15,0.003463,0.006386516,0.000654,0.009448901,0.000330,0.00773137,0.000715,0.003773059
2017/2/16,0.003463,0.006274785,0.000654,0.00970467,0.000330,0.007559306,0.000715,0.003584837
2017/2/17,0.003463,0.00627174,0.000654,0.009694954,0.000330,0.007763665,0.000715,0.003641447
2017/2/20,0.003463,0.0067581,0.000654,0.009727693,0.000330,0.007696795,0.000715,0.003474847
2017/2/21,0.003463,0.007168573,0.000654,0.010075423,0.000330,0.007561251,0.000715,0.003432613
2017/2/22,0.003463,0.007046503,0.000654,0.009989133,0.000330,0.007759483,0.000715,0.003262842
2017/2/23,0.003463,0.006822969,0.000654,0.009741057,0.000330,0.007773393,0.000715,0.003376994
2017/2/24,0.003463,0.006816395,0.000654,0.009456918,0.000330,0.007890732,0.000715,0.00328708
2017/2/27,0.003463,0.006515242,0.000654,0.009077578,0.000330,0.007962331,0.000715,0.003143087
2017/2/28,0.003463,0.006910812,0.000654,0.009399655,0.000330,0.007925512,0.000715,0.003009348
2017/3/1,0.003463,0.006801306,0.000654,0.009190423,0.000330,0.008069922,0.000715,0.003472814
2017/3/2,0.003463,0.006543531,0.000654,0.008860506,0.000330,0.008065314,0.000715,0.003273091
2017/3/3,0.003463,0.006728872,0.000654,0.008843302,0.000330,0.007895948,0.000715,0.004252222
2017/3/6,0.003463,0.006768029,0.000654,0.008565173,0.000330,0.008023,0.000715,0.004125534
2017/3/7,0.003463,0.006718572,0.000654,0.008916001,0.000330,0.008008544,0.000715,0.004649056
2017/3/8,0.003463,0.006531564,0.000654,0.008622171,0.000330,0.007818614,0.000715,0.005095734
2017/3/9,0.003463,0.006333296,0.000654,0.008640827,0.000330,0.007665916,0.000715,0.005393996
2017/3/10,0.003463,0.006713525,0.000654,0.0088714,0.000330,0.00825209,0.000715,0.005136283
2017/3/13,0.003463,0.006555062,0.000654,0.008629754,0.000330,0.008459218,0.000715,0.004865027
2017/3/14,0.003463,0.006694317,0.000654,0.008834844,0.000330,0.008243017,0.000715,0.004655227
2017/3/15,0.003463,0.006390315,0.000654,0.008677388,0.000330,0.008305023,0.000715,0.005142188
2017/3/16,0.003463,0.006104537,0.000654,0.008315863,0.000330,0.008103662,0.000715,0.004852514
2017/3/17,0.003463,0.006318623,0.000654,0.008387155,0.000330,0.007911621,0.000715,0.00493567
2017/3/20,0.003463,0.006903624,0.000654,0.008861072,0.000330,0.008705302,0.000715,0.005039292
2017/3/21,0.003463,0.006800964,0.000654,0.008545793,0.000330,0.008460459,0.000715,0.005269878
2017/3/22,0.003463,0.006651198,0.000654,0.008419771,0.000330,0.008364969,0.000715,0.007693325
2017/3/23,0.003463,0.006814661,0.000654,0.008309233,0.000330,0.008762154,0.000715,0.007243914
2017/3/24,0.003463,0.006523632,0.000654,0.008066225,0.000330,0.008865264,0.000715,0.007134869
2017/3/27,0.003463,0.006587333,0.000654,0.008047045,0.000330,0.008607008,0.000715,0.007004486
2017/3/28,0.003463,0.006406447,0.000654,0.008212783,0.000330,0.00859735,0.000715,0.006912674
2017/3/29,0.003463,0.006521748,0.000654,0.008005743,0.000330,0.008499748,0.000715,0.006499834
2017/3/30,0.003463,0.006568096,0.000654,0.008018788,0.000330,0.008346918,0.000715,0.006138202
2017/3/31,0.003463,0.007123444,0.000654,0.008986156,0.000330,0.008210192,0.000715,0.005797029
2017/4/5,0.003463,0.006996917,0.000654,0.009031921,0.000330,0.008365439,0.000715,0.005965085
2017/4/6,0.003463,0.00760198,0.000654,0.009791429,0.000330,0.008338153,0.000715,0.00651286
2017/4/7,0.003463,0.007404539,0.000654,0.009458431,0.000330,0.008556768,0.000715,0.006149625
2017/4/10,0.003463,0.007119559,0.000654,0.009071118,0.000330,0.008404071,0.000715,0.006068258
2017/4/11,0.003463,0.007277577,0.000654,0.00918319,0.000330,0.008182341,0.000715,0.005759103
2017/4/12,0.003463,0.00726984,0.000654,0.009048257,0.000330,0.008243704,0.000715,0.005815396
2017/4/13,0.003463,0.007366102,0.000654,0.00919552,0.000330,0.008196324,0.000715,0.006302747
2017/4/14,0.003463,0.007030197,0.000654,0.009157287,0.000330,0.008200186,0.000715,0.007363064
2017/4/17,0.003463,0.007522242,0.000654,0.0098036,0.000330,0.008007399,0.000715,0.007136738
2017/4/18,0.003463,0.007825107,0.000654,0.009831884,0.000330,0.007813837,0.000715,0.006702293
2017/4/19,0.003463,0.008149988,0.000654,0.009747391,0.000330,0.008599942,0.000715,0.006863184
2017/4/20,0.003463,0.008469987,0.000654,0.009756604,0.000330,0.009014889,0.000715,0.006903855
2017/4/21,0.003463,0.00807133,0.000654,0.009311408,0.000330,0.008805858,0.000715,0.006490713
2017/4/24,0.003463,0.007698352,0.000654,0.009234404,0.000330,0.008746581,0.000715,0.006703224
2017/4/25,0.003463,0.0085328,0.000654,0.010598701,0.000330,0.008498514,0.000715,0.006292862
2017/4/26,0.003463,0.008209401,0.000654,0.010553074,0.000330,0.008298855,0.000715,0.005927215
2017/4/27,0.003463,0.007926976,0.000654,0.010214156,0.000330,0.008466004,0.000715,0.005737979
2017/4/28,0.003463,0.007758583,0.000654,0.00988255,0.000330,0.008292862,0.000715,0.005459117
2017/5/2,0.003463,0.00742248,0.000654,0.009478116,0.000330,0.008189984,0.000715,0.005619569
2017/5/3,0.003463,0.007383846,0.000654,0.009134552,0.000330,0.008020613,0.000715,0.005316312
2017/5/4,0.003463,0.007279082,0.000654,0.009089194,0.000330,0.007846015,0.000715,0.005356814
2017/5/5,0.003463,0.007168577,0.000654,0.008959235,0.000330,0.007667687,0.000715,0.005116937
2017/5/8,0.003463,0.007497598,0.000654,0.009560964,0.000330,0.007887004,0.000715,0.00484396
2017/5/9,0.003463,0.007809111,0.000654,0.010625364,0.000330,0.007935179,0.000715,0.004681524
2017/5/10,0.003463,0.007473614,0.000654,0.010411335,0.000330,0.007779486,0.000715,0.004742972
2017/5/11,0.003463,0.007878409,0.000654,0.010972949,0.000330,0.00798217,0.000715,0.004506684
2017/5/12,0.003463,0.007681549,0.000654,0.010562723,0.000330,0.00785028,0.000715,0.004780446
2017/5/15,0.003463,0.007768704,0.000654,0.010080708,0.000330,0.007711132,0.000715,0.00494236
2017/5/16,0.003463,0.007529629,0.000654,0.009956529,0.000330,0.007542027,0.000715,0.00467931
2017/5/17,0.003463,0.007630179,0.000654,0.010743518,0.000330,0.00757188,0.000715,0.004646733
2017/5/18,0.003463,0.007512154,0.000654,0.010417231,0.000330,0.007441019,0.000715,0.008861272
2017/5/19,0.003463,0.007550937,0.000654,0.010382727,0.000330,0.007530175,0.000715,0.008316131
2017/5/22,0.003463,0.007201943,0.000654,0.009972326,0.000330,0.007511533,0.000715,0.007798338
2017/5/23,0.003463,0.007273859,0.000654,0.010095589,0.000330,0.007358956,0.000715,0.007324809
2017/5/24,0.003463,0.007307244,0.000654,0.010716321,0.000330,0.007396692,0.000715,0.006899365
2017/5/25,0.003463,0.007005038,0.000654,0.010491731,0.000330,0.007250541,0.000715,0.006504028
2017/5/26,0.003463,0.007604629,0.000654,0.010458739,0.000330,0.007117331,0.000715,0.006130638
2017/5/31,0.003463,0.007278982,0.000654,0.010273353,0.000330,0.007152627,0.000715,0.005825125
2017/6/1,0.003463,0.007067206,0.000654,0.009800618,0.000330,0.007026349,0.000715,0.005909679
2017/6/2,0.003463,0.007140011,0.000654,0.010449921,0.000330,0.00691129,0.000715,0.005568722
2017/6/5,0.003463,0.006853749,0.000654,0.010355039,0.000330,0.006889332,0.000715,0.005264226
2017/6/6,0.003463,0.006919172,0.000654,0.010103957,0.000330,0.00687394,0.000715,0.005274796
2017/6/7,0.003463,0.006798422,0.000654,0.010076993,0.000330,0.006795083,0.000715,0.005614791
2017/6/8,0.003463,0.007266899,0.000654,0.010794735,0.000330,0.00677243,0.000715,0.005317078
2017/6/9,0.003463,0.007105671,0.000654,0.010480812,0.000330,0.00668288,0.000715,0.005113988
2017/6/12,0.003463,0.006912236,0.000654,0.010123942,0.000330,0.006637751,0.000715,0.005114664
2017/6/13,0.003463,0.007104119,0.000654,0.010125986,0.000330,0.007459286,0.000715,0.005152804
2017/6/14,0.003463,0.007029082,0.000654,0.010273561,0.000330,0.00781897,0.000715,0.004876133
2017/6/15,0.003463,0.007336079,0.000654,0.010410044,0.000330,0.007702954,0.000715,0.004883752
2017/6/16,0.003463,0.007011901,0.000654,0.010344062,0.000330,0.008276375,0.000715,0.00515534
2017/6/19,0.003463,0.006952926,0.000654,0.010176213,0.000330,0.008498221,0.000715,0.004992682
2017/6/20,0.003463,0.007041182,0.000654,0.010137343,0.000330,0.008274561,0.000715,0.004712718
2017/6/21,0.003463,0.006855647,0.000654,0.009739308,0.000330,0.008410463,0.000715,0.005768635
2017/6/22,0.003463,0.006841196,0.000654,0.009762311,0.000330,0.008391996,0.000715,0.005735688
2017/6/23,0.003463,0.006780909,0.000654,0.010160975,0.000330,0.008284367,0.000715,0.005647957
2017/6/26,0.003463,0.006652307,0.000654,0.010320289,0.000330,0.008074462,0.000715,0.005347483
2017/6/27,0.003463,0.006877551,0.000654,0.010780986,0.000330,0.007875606,0.000715,0.005130684
2017/6/28,0.003463,0.006643332,0.000654,0.010303845,0.000330,0.007841707,0.000715,0.006527317
2017/6/29,0.003463,0.006839131,0.000654,0.010502517,0.000330,0.007871216,0.000715,0.006138599
2017/6/30,0.003463,0.00678942,0.000654,0.010363122,0.000330,0.007813654,0.000715,0.007445107
2017/7/3,0.003463,0.006532745,0.000654,0.009907188,0.000330,0.008206748,0.000715,0.007014623
2017/7/4,0.003463,0.006271924,0.000654,0.009476079,0.000330,0.008179719,0.000715,0.006611977
2017/7/5,0.003463,0.006360245,0.000654,0.009554876,0.000330,0.009083156,0.000715,0.006347154
2017/7/6,0.003463,0.006526186,0.000654,0.009625257,0.000330,0.009448174,0.000715,0.005996708
2017/7/7,0.003463,0.006298049,0.000654,0.009276509,0.000330,0.009218939,0.000715,0.007553553
2017/7/10,0.003463,0.00608484,0.000654,0.0088639,0.000330,0.009070239,0.000715,0.007097464
2017/7/11,0.003463,0.005987597,0.000654,0.008966469,0.000330,0.008871716,0.000715,0.006692743
2017/7/12,0.003463,0.00600243,0.000654,0.008831866,0.000330,0.008689245,0.000715,0.006556856
2017/7/13,0.003463,0.005910566,0.000654,0.00861934,0.000330,0.008915192,0.000715,0.00616987
2017/7/14,0.003463,0.00602111,0.000654,0.008298133,0.000330,0.008742177,0.000715,0.00582927
2017/7/17,0.003463,0.005797705,0.000654,0.008282642,0.000330,0.008781997,0.000715,0.005503671
2017/7/18,0.003463,0.00683012,0.000654,0.010999544,0.000330,0.008534729,0.000715,0.005299798
2017/7/19,0.003463,0.006706785,0.000654,0.010760626,0.000330,0.00831831,0.000715,0.005045159
2017/7/20,0.003463,0.007255047,0.000654,0.011393308,0.000330,0.008107617,0.000715,0.004772326
2017/7/21,0.003463,0.007149454,0.000654,0.01123943,0.000330,0.007972238,0.000715,0.004633465
2017/7/24,0.003463,0.007037914,0.000654,0.010782155,0.000330,0.007805806,0.000715,0.004585282
2017/7/25,0.003463,0.006917858,0.000654,0.010478606,0.000330,0.007634546,0.000715,0.004670409
2017/7/26,0.003463,0.006820034,0.000654,0.0104176,0.000330,0.007531019,0.000715,0.004432449
2017/7/27,0.003463,0.006545371,0.000654,0.010358387,0.000330,0.007373839,0.000715,0.004271291
2017/7/28,0.003463,0.006249231,0.000654,0.010418181,0.000330,0.007252949,0.000715,0.004352491
2017/7/31,0.003463,0.005993882,0.000654,0.01014016,0.000330,0.007419441,0.000715,0.004509108
2017/8/1,0.003463,0.006067477,0.000654,0.010026817,0.000330,0.007380825,0.000715,0.004554374
2017/8/2,0.003463,0.006127749,0.000654,0.009634748,0.000330,0.007629901,0.000715,0.004325921
2017/8/3,0.003463,0.006094819,0.000654,0.009631963,0.000330,0.007620264,0.000715,0.004141718
2017/8/4,0.003463,0.006175821,0.000654,0.009468918,0.000330,0.007517248,0.000715,0.004447199
2017/8/7,0.003463,0.006218033,0.000654,0.00962206,0.000330,0.007391389,0.000715,0.00422817
2017/8/8,0.003463,0.006230405,0.000654,0.009690074,0.000330,0.007247013,0.000715,0.004023724
2017/8/9,0.003463,0.00595229,0.000654,0.009451489,0.000330,0.007163125,0.000715,0.004369759
2017/8/10,0.003463,0.005893608,0.000654,0.009276347,0.000330,0.00719956,0.000715,0.004367733
2017/8/11,0.003463,0.006025933,0.000654,0.009378075,0.000330,0.007822754,0.000715,0.007557621
2017/8/14,0.003463,0.007245821,0.000654,0.010384297,0.000330,0.009944729,0.000715,0.00717482
2017/8/15,0.003463,0.007449526,0.000654,0.011297851,0.000330,0.010644159,0.000715,0.006732318
2017/8/16,0.003463,0.007335351,0.000654,0.01092031,0.000330,0.010602685,0.000715,0.006469467
2017/8/17,0.003463,0.007159411,0.000654,0.010631648,0.000330,0.010243655,0.000715,0.006110047
2017/8/18,0.003463,0.007217354,0.000654,0.010372544,0.000330,0.010045521,0.000715,0.00906558
2017/8/21,0.003463,0.006926784,0.000654,0.010190206,0.000330,0.010209995,0.000715,0.00908805
2017/8/22,0.003463,0.006916324,0.000654,0.01010735,0.000330,0.010158144,0.000715,0.008531384
2017/8/23,0.003463,0.006619062,0.000654,0.00993514,0.000330,0.009832819,0.000715,0.00798535
2017/8/24,0.003463,0.006432205,0.000654,0.009759281,0.000330,0.00966317,0.000715,0.008123089
2017/8/25,0.003463,0.006594615,0.000654,0.009825734,0.000330,0.009348559,0.000715,0.008128485
2017/8/28,0.003463,0.007472924,0.000654,0.009969848,0.000330,0.009088542,0.000715,0.007644338
2017/8/29,0.003463,0.007666253,0.000654,0.010338529,0.000330,0.009108909,0.000715,0.007233392
2017/8/30,0.003463,0.007317587,0.000654,0.010231001,0.000330,0.008898225,0.000715,0.006819669
2017/8/31,0.003463,0.007085507,0.000654,0.010018104,0.000330,0.008678305,0.000715,0.006422885
2017/9/1,0.003463,0.006893862,0.000654,0.009600779,0.000330,0.008819989,0.000715,0.006050361
2017/9/4,0.003463,0.006640337,0.000654,0.009497659,0.000330,0.00862699,0.000715,0.005718103
2017/9/5,0.003463,0.006512835,0.000654,0.009474439,0.000330,0.008676461,0.000715,0.00551008
2017/9/6,0.003463,0.006247696,0.000654,0.009143227,0.000330,0.008609928,0.000715,0.006750467
2017/9/7,0.003463,0.006011757,0.000654,0.008892342,0.000330,0.008482457,0.000715,0.006366026
2017/9/8,0.003463,0.006297504,0.000654,0.008912865,0.000330,0.008385719,0.000715,0.006154276
2017/9/11,0.003463,0.006084944,0.000654,0.008542893,0.000330,0.008202538,0.000715,0.006194774
2017/9/12,0.003463,0.005965125,0.000654,0.008587429,0.000330,0.008050574,0.000715,0.005821416
2017/9/13,0.003463,0.005700801,0.000654,0.008327311,0.000330,0.008099765,0.000715,0.005499607
2017/9/14,0.003463,0.005478759,0.000654,0.008193001,0.000330,0.00794618,0.000715,0.005211241
2017/9/15,0.003463,0.005611974,0.000654,0.008034084,0.000330,0.007889533,0.000715,0.005238649
2017/9/18,0.003463,0.00586343,0.000654,0.007761564,0.000330,0.007768566,0.000715,0.004965773
2017/9/19,0.003463,0.005723515,0.000654,0.007882386,0.000330,0.007593742,0.000715,0.004712589
2017/9/20,0.003463,0.00567493,0.000654,0.008057973,0.000330,0.0078937,0.000715,0.00447786
2017/9/21,0.003463,0.005543064,0.000654,0.008281874,0.000330,0.007756234,0.000715,0.004268342
2017/9/22,0.003463,0.005556463,0.000654,0.008622244,0.000330,0.007599039,0.000715,0.004724706
2017/9/25,0.003463,0.005496939,0.000654,0.008435829,0.000330,0.007807643,0.000715,0.004537416
2017/9/26,0.003463,0.005578704,0.000654,0.009114177,0.000330,0.008779378,0.000715,0.004828589
2017/9/27,0.003463,0.005339801,0.000654,0.00881565,0.000330,0.009067005,0.000715,0.004722962
2017/9/28,0.003463,0.005121441,0.000654,0.008828758,0.000330,0.008794154,0.000715,0.004477017
2017/9/29,0.003463,0.005089336,0.000654,0.008488779,0.000330,0.0088848,0.000715,0.004257236
2017/10/9,0.003463,0.004996291,0.000654,0.008363266,0.000330,0.008810597,0.000715,0.004043194
2017/10/10,0.003463,0.005217905,0.000654,0.00898789,0.000330,0.008598832,0.000715,0.003819219
2017/10/11,0.003463,0.005098084,0.000654,0.00886817,0.000330,0.009979452,0.000715,0.003636704
2017/10/12,0.003463,0.004922024,0.000654,0.008603916,0.000330,0.009770716,0.000715,0.00346906
2017/10/13,0.003463,0.004824159,0.000654,0.008320243,0.000330,0.009484729,0.000715,0.00371461
2017/10/16,0.003463,0.004646123,0.000654,0.00843304,0.000330,0.00919119,0.000715,0.003546674
2017/10/17,0.003463,0.004802223,0.000654,0.009000812,0.000330,0.008909695,0.000715,0.00338565
2017/10/18,0.003463,0.00480929,0.000654,0.008616617,0.000330,0.008765027,0.000715,0.003238349
2017/10/19,0.003463,0.004733958,0.000654,0.008272746,0.000330,0.00851389,0.000715,0.003099988
2017/10/20,0.003463,0.004872171,0.000654,0.008543847,0.000330,0.009911214,0.000715,0.003033613
2017/10/23,0.003463,0.004770832,0.000654,0.008380369,0.000330,0.010489389,0.000715,0.002891455
2017/10/24,0.003463,0.004576578,0.000654,0.008346798,0.000330,0.010502074,0.000715,0.003604792
2017/10/25,0.003463,0.004471325,0.000654,0.008101197,0.000330,0.010355053,0.000715,0.003441417
2017/10/26,0.003463,0.004390384,0.000654,0.008254427,0.000330,0.010072801,0.000715,0.004295017
2017/10/27,0.003463,0.004349381,0.000654,0.007959365,0.000330,0.009832864,0.000715,0.00408886
2017/10/30,0.003463,0.004281912,0.000654,0.00774825,0.000330,0.009542531,0.000715,0.003870034
2017/10/31,0.003463,0.004832455,0.000654,0.008365578,0.000330,0.009427495,0.000715,0.004306047
2017/11/1,0.003463,0.004630856,0.000654,0.008281616,0.000330,0.009221226,0.000715,0.004099775
2017/11/2,0.003463,0.004432476,0.000654,0.008111812,0.000330,0.008971853,0.000715,0.0039041
2017/11/3,0.003463,0.004609642,0.000654,0.008148116,0.000330,0.009048269,0.000715,0.003802716
2017/11/6,0.003463,0.00474916,0.000654,0.008376451,0.000330,0.008797293,0.000715,0.003620605
2017/11/7,0.003463,0.004806969,0.000654,0.008893788,0.000330,0.008560212,0.000715,0.003456185
2017/11/8,0.003463,0.005031516,0.000654,0.008924456,0.000330,0.008324845,0.000715,0.003445833
2017/11/9,0.003463,0.004831762,0.000654,0.008670446,0.000330,0.008574641,0.000715,0.003292324
2017/11/10,0.003463,0.004797601,0.000654,0.008798261,0.000330,0.008364513,0.000715,0.003967335
2017/11/13,0.003463,0.00462657,0.000654,0.008863909,0.000330,0.008278402,0.000715,0.004099975
2017/11/14,0.003463,0.004652082,0.000654,0.008673288,0.000330,0.008064833,0.000715,0.003907006
2017/11/15,0.003463,0.00496364,0.000654,0.009052074,0.000330,0.007882113,0.000715,0.00425567
2017/11/16,0.003463,0.005480779,0.000654,0.00947856,0.000330,0.008253759,0.000715,0.005243733
2017/11/17,0.003463,0.005373622,0.000654,0.009425215,0.000330,0.008370391,0.000715,0.004948279
2017/11/20,0.003463,0.005589201,0.000654,0.010757181,0.000330,0.00821372,0.000715,0.005208002
2017/11/21,0.003463,0.005472801,0.000654,0.011063686,0.000330,0.008088965,0.000715,0.004939468
2017/11/22,0.003463,0.005521709,0.000654,0.011342734,0.000330,0.007896721,0.000715,0.004669516
2017/11/23,0.003463,0.005598603,0.000654,0.011076117,0.000330,0.008544439,0.000715,0.004625773
2017/11/24,0.003463,0.00756736,0.000654,0.013359269,0.000330,0.008853978,0.000715,0.004519973
2017/11/27,0.003463,0.007216285,0.000654,0.012717511,0.000330,0.008873309,0.000715,0.004295031
2017/11/28,0.003463,0.007710653,0.000654,0.013702478,0.000330,0.008839997,0.000715,0.004260701
2017/11/29,0.003463,0.007532562,0.000654,0.013845927,0.000330,0.008693668,0.000715,0.004024248
2017/11/30,0.003463,0.007227462,0.000654,0.013375937,0.000330,0.008472186,0.000715,0.003929352
2017/12/1,0.003463,0.007439745,0.000654,0.013601797,0.000330,0.009307736,0.000715,0.003720167
2017/12/4,0.003463,0.007121467,0.000654,0.013225032,0.000330,0.009695716,0.000715,0.003947364
2017/12/5,0.003463,0.007022438,0.000654,0.01258637,0.000330,0.009422168,0.000715,0.004077656
2017/12/6,0.003463,0.00687729,0.000654,0.013170112,0.000330,0.00958156,0.000715,0.004706792
2017/12/7,0.003463,0.006830908,0.000654,0.012857558,0.000330,0.011332524,0.000715,0.00465792
2017/12/8,0.003463,0.007093622,0.000654,0.013101424,0.000330,0.011912377,0.000715,0.004420709
2017/12/11,0.003463,0.007087622,0.000654,0.013254834,0.000330,0.011457197,0.000715,0.004189074
2017/12/12,0.003463,0.007358874,0.000654,0.013687282,0.000330,0.011256536,0.000715,0.003980477
2017/12/13,0.003463,0.008105185,0.000654,0.013681892,0.000330,0.011185411,0.000715,0.003791892
2017/12/14,0.003463,0.00812433,0.000654,0.01350833,0.000330,0.010850114,0.000715,0.00380351
2017/12/15,0.003463,0.008031332,0.000654,0.013107664,0.000330,0.010846394,0.000715,0.004511121
2017/12/18,0.003463,0.008337692,0.000654,0.013269253,0.000330,0.0109219,0.000715,0.0042622
2017/12/19,0.003463,0.007957649,0.000654,0.012903136,0.000330,0.010807289,0.000715,0.004040376
2017/12/20,0.003463,0.008115624,0.000654,0.012874868,0.000330,0.0104932,0.000715,0.004484139
2017/12/21,0.003463,0.007981265,0.000654,0.012784511,0.000330,0.010212517,0.000715,0.004553169
2017/12/22,0.003463,0.007817095,0.000654,0.01278594,0.000330,0.009862336,0.000715,0.004326546
2017/12/25,0.003463,0.007555795,0.000654,0.012406105,0.000330,0.009569537,0.000715,0.004305644
2017/12/26,0.003463,0.007642325,0.000654,0.012413452,0.000330,0.009360717,0.000715,0.004227459
2017/12/27,0.003463,0.007755279,0.000654,0.011851602,0.000330,0.009067655,0.000715,0.004334866
2017/12/28,0.003463,0.008183016,0.000654,0.012072136,0.000330,0.008795026,0.000715,0.004132986
2017/12/29,0.003463,0.008168005,0.000654,0.011810656,0.000330,0.008541949,0.000715,0.003934265
2018/1/2,0.003463,0.007960047,0.000654,0.011565616,0.000330,0.008479315,0.000715,0.004834392
2018/1/3,0.003463,0.008354506,0.000654,0.011755076,0.000330,0.008255735,0.000715,0.004566368
2018/1/4,0.003463,0.008311805,0.000654,0.011698897,0.000330,0.008916307,0.000715,0.004320766
2018/1/5,0.003463,0.008187057,0.000654,0.011437877,0.000330,0.00865931,0.000715,0.004100107
2018/1/8,0.003463,0.007870988,0.000654,0.010947412,0.000330,0.008483149,0.000715,0.003883304
2018/1/9,0.003463,0.007785848,0.000654,0.010618566,0.000330,0.008265125,0.000715,0.003699738
2018/1/10,0.003463,0.007458035,0.000654,0.010415957,0.000330,0.00806547,0.000715,0.003530229
2018/1/11,0.003463,0.007210573,0.000654,0.010037631,0.000330,0.007893614,0.000715,0.00367546
2018/1/12,0.003463,0.006895523,0.000654,0.009677221,0.000330,0.007715387,0.000715,0.003487142
2018/1/15,0.003463,0.006598371,0.000654,0.009297097,0.000330,0.00754724,0.000715,0.003309998
2018/1/16,0.003463,0.006795465,0.000654,0.009960577,0.000330,0.007632535,0.000715,0.003216773
2018/1/17,0.003463,0.006923451,0.000654,0.009914584,0.000330,0.007487404,0.000715,0.003850172
2018/1/18,0.003463,0.006703639,0.000654,0.010084695,0.000330,0.00811264,0.000715,0.003642554
2018/1/19,0.003463,0.006901774,0.000654,0.009699448,0.000330,0.007924628,0.000715,0.003798064
2018/1/22,0.003463,0.00676581,0.000654,0.009495087,0.000330,0.007776944,0.000715,0.003611596
2018/1/23,0.003463,0.006641352,0.000654,0.010290926,0.000330,0.007638303,0.000715,0.00342238
2018/1/24,0.003463,0.007113027,0.000654,0.00994291,0.000330,0.007514321,0.000715,0.00326573
2018/1/25,0.003463,0.00694744,0.000654,0.00976768,0.000330,0.008025464,0.000715,0.003311739
2018/1/26,0.003463,0.006963911,0.000654,0.009775308,0.000330,0.008269621,0.000715,0.003194503
2018/1/29,0.003463,0.006751793,0.000654,0.00936272,0.000330,0.008320603,0.000715,0.003017885
2018/1/30,0.003463,0.007354813,0.000654,0.010434806,0.000330,0.008752445,0.000715,0.004251302
2018/1/31,0.003463,0.007916661,0.000654,0.010404023,0.000330,0.009154239,0.000715,0.00653804
2018/2/1,0.003463,0.007775136,0.000654,0.010827089,0.000330,0.009214122,0.000715,0.006332997
2018/2/2,0.003463,0.008282228,0.000654,0.012401108,0.000330,0.009315196,0.000715,0.006235139
2018/2/5,0.003463,0.008117739,0.000654,0.012093009,0.000330,0.009189704,0.000715,0.010778819
2018/2/6,0.003463,0.008147622,0.000654,0.012162357,0.000330,0.00945324,0.000715,0.019931903
2018/2/7,0.003463,0.010963851,0.000654,0.015129169,0.000330,0.017223148,0.000715,0.018385498
2018/2/8,0.003463,0.011989057,0.000654,0.015291255,0.000330,0.020143523,0.000715,0.01787998
2018/2/9,0.003463,0.012586308,0.000654,0.015207964,0.000330,0.019330386,0.000715,0.023936564
2018/2/12,0.003463,0.015582987,0.000654,0.017316346,0.000330,0.020395697,0.000715,0.022020713
2018/2/13,0.003463,0.015265658,0.000654,0.018269554,0.000330,0.020615717,0.000715,0.020280863
2018/2/14,0.003463,0.015089402,0.000654,0.017614968,0.000330,0.019657005,0.000715,0.018742721
2018/2/22,0.003463,0.014585579,0.000654,0.017133946,0.000330,0.018904144,0.000715,0.017309694
2018/2/23,0.003463,0.015215003,0.000654,0.01750365,0.000330,0.018567372,0.000715,0.016045981
2018/2/26,0.003463,0.014799986,0.000654,0.016608582,0.000330,0.017951493,0.000715,0.014846805
2018/2/27,0.003463,0.014788149,0.000654,0.017059722,0.000330,0.017237819,0.000715,0.013766092
2018/2/28,0.003463,0.014966929,0.000654,0.016836572,0.000330,0.016652432,0.000715,0.014993537
2018/3/1,0.003463,0.015015221,0.000654,0.016073151,0.000330,0.016460871,0.000715,0.016066036
2018/3/2,0.003463,0.014498309,0.000654,0.015843474,0.000330,0.016022374,0.000715,0.017470983
2018/3/5,0.003463,0.014241376,0.000654,0.015668982,0.000330,0.015918958,0.000715,0.016187876
2018/3/6,0.003463,0.013546068,0.000654,0.01495437,0.000330,0.016872852,0.000715,0.014994567
2018/3/7,0.003463,0.013469188,0.000654,0.014905345,0.000330,0.016905225,0.000715,0.013934937
2018/3/8,0.003463,0.013243911,0.000654,0.014910624,0.000330,0.016865949,0.000715,0.013132553
2018/3/9,0.003463,0.012872365,0.000654,0.014788928,0.000330,0.016263829,0.000715,0.012229758
2018/3/12,0.003463,0.012556052,0.000654,0.014966826,0.000330,0.015804532,0.000715,0.011355912
2018/3/13,0.003463,0.012267331,0.000654,0.014907407,0.000330,0.015264232,0.000715,0.010773816
2018/3/14,0.003463,0.012079166,0.000654,0.014789577,0.000330,0.015075833,0.000715,0.011266667
2018/3/15,0.003463,0.0119587,0.000654,0.014730118,0.000330,0.014506237,0.000715,0.011684746
2018/3/16,0.003463,0.011394162,0.000654,0.014071633,0.000330,0.01393987,0.000715,0.01123234
2018/3/19,0.003463,0.011370558,0.000654,0.014160563,0.000330,0.013372619,0.000715,0.010499739
2018/3/20,0.003463,0.010967774,0.000654,0.013520682,0.000330,0.012824578,0.000715,0.012524664
2018/3/21,0.003463,0.010623667,0.000654,0.012862382,0.000330,0.01230563,0.000715,0.011702278
2018/3/22,0.003463,0.010360838,0.000654,0.012932064,0.000330,0.011889095,0.000715,0.011368567
2018/3/23,0.003463,0.010302857,0.000654,0.013041914,0.000330,0.011898606,0.000715,0.015717198
2018/3/26,0.003463,0.012860009,0.000654,0.015729318,0.000330,0.013619279,0.000715,0.018793627
2018/3/27,0.003463,0.012685765,0.000654,0.015679994,0.000330,0.014150923,0.000715,0.017313143
2018/3/28,0.003463,0.012711168,0.000654,0.016031218,0.000330,0.013623948,0.000715,0.018938805
2018/3/29,0.003463,0.013211091,0.000654,0.016234797,0.000330,0.014889764,0.000715,0.018251853
2018/3/30,0.003463,0.013318516,0.000654,0.016087161,0.000330,0.015268071,0.000715,0.016864538
2018/4/2,0.003463,0.012808164,0.000654,0.015860317,0.000330,0.014606855,0.000715,0.015651734
2018/4/3,0.003463,0.012304893,0.000654,0.015213602,0.000330,0.013981332,0.000715,0.018685274
2018/4/4,0.003463,0.012359867,0.000654,0.015162157,0.000330,0.013392651,0.000715,0.017266032
2018/4/9,0.003463,0.011872023,0.000654,0.014915171,0.000330,0.014255841,0.000715,0.015972968
2018/4/10,0.003463,0.01142756,0.000654,0.014425891,0.000330,0.014485271,0.000715,0.016853453
2018/4/11,0.003463,0.011921955,0.000654,0.014319202,0.000330,0.014604137,0.000715,0.015582695
2018/4/12,0.003463,0.011666177,0.000654,0.01379337,0.000330,0.01435289,0.000715,0.015366719
2018/4/13,0.003463,0.011797244,0.000654,0.013706645,0.000330,0.013799545,0.000715,0.014257134
2018/4/16,0.003463,0.011744228,0.000654,0.013349039,0.000330,0.013235456,0.000715,0.013789966
2018/4/17,0.003463,0.012419554,0.000654,0.013189213,0.000330,0.013483456,0.000715,0.012818002
2018/4/18,0.003463,0.012935238,0.000654,0.014230777,0.000330,0.013637541,0.000715,0.011918012
2018/4/19,0.003463,0.012796812,0.000654,0.014077933,0.000330,0.013214792,0.000715,0.011128565
2018/4/20,0.003463,0.012685511,0.000654,0.013933923,0.000330,0.012743813,0.000715,0.011466505
2018/4/23,0.003463,0.013239526,0.000654,0.014631212,0.000330,0.012803738,0.000715,0.012365379
2018/4/24,0.003463,0.012641798,0.000654,0.014491426,0.000330,0.012568462,0.000715,0.011743959
2018/4/25,0.003463,0.013290353,0.000654,0.015111601,0.000330,0.012133643,0.000715,0.01349715
2018/4/26,0.003463,0.012889661,0.000654,0.014505855,0.000330,0.012231777,0.000715,0.012575611
2018/4/27,0.003463,0.013353892,0.000654,0.015656668,0.000330,0.012348206,0.000715,0.01169877
2018/5/2,0.003463,0.012833206,0.000654,0.015024131,0.000330,0.012102827,0.000715,0.010926988
2018/5/3,0.003463,0.012200607,0.000654,0.014328756,0.000330,0.011749601,0.000715,0.012607206
2018/5/4,0.003463,0.01199606,0.000654,0.014274833,0.000330,0.012233479,0.000715,0.012372694
2018/5/7,0.003463,0.011639089,0.000654,0.013867306,0.000330,0.012666955,0.000715,0.011505201
2018/5/8,0.003463,0.012003453,0.000654,0.014375843,0.000330,0.012501318,0.000715,0.010740669
2018/5/9,0.003463,0.011895763,0.000654,0.014040227,0.000330,0.012006913,0.000715,0.010164395
2018/5/10,0.003463,0.011368453,0.000654,0.013481389,0.000330,0.011831126,0.000715,0.009489577
2018/5/11,0.003463,0.011098466,0.000654,0.012985781,0.000330,0.011405044,0.000715,0.008868148
2018/5/14,0.003463,0.010839145,0.000654,0.013040603,0.000330,0.011106396,0.000715,0.008323465
2018/5/15,0.003463,0.010509518,0.000654,0.012574927,0.000330,0.01087312,0.000715,0.007825841
2018/5/16,0.003463,0.010339597,0.000654,0.012365115,0.000330,0.011338043,0.000715,0.008681025
2018/5/17,0.003463,0.010417215,0.000654,0.012146414,0.000330,0.011256946,0.000715,0.008146182
2018/5/18,0.003463,0.010301679,0.000654,0.012048827,0.000330,0.010962025,0.000715,0.007900956
2018/5/21,0.003463,0.010575544,0.000654,0.011640445,0.000330,0.010635093,0.000715,0.008007255
2018/5/22,0.003463,0.010443885,0.000654,0.011581329,0.000330,0.010271658,0.000715,0.007511648
2018/5/23,0.003463,0.009941816,0.000654,0.011087845,0.000330,0.009979359,0.000715,0.007663751
2018/5/24,0.003463,0.010650023,0.000654,0.011550233,0.000330,0.010936149,0.000715,0.007209293
2018/5/25,0.003463,0.010497183,0.000654,0.011504743,0.000330,0.011287077,0.000715,0.007233124
2018/5/28,0.003463,0.01032678,0.000654,0.01183186,0.000330,0.01099749,0.000715,0.0073568
2018/5/29,0.003463,0.009983258,0.000654,0.011343403,0.000330,0.010671225,0.000715,0.007083751
2018/5/30,0.003463,0.009872782,0.000654,0.011713702,0.000330,0.010743474,0.000715,0.009000769
2018/5/31,0.003463,0.011591188,0.000654,0.013006169,0.000330,0.011339774,0.000715,0.008410517
2018/6/1,0.003463,0.012165144,0.000654,0.013523374,0.000330,0.01136634,0.000715,0.009121
2018/6/4,0.003463,0.012075535,0.000654,0.013869824,0.000330,0.011237244,0.000715,0.008526555
2018/6/5,0.003463,0.011801769,0.000654,0.013401762,0.000330,0.010818767,0.000715,0.007998736
2018/6/6,0.003463,0.011680281,0.000654,0.01376962,0.000330,0.010902637,0.000715,0.007526265
2018/6/7,0.003463,0.011118846,0.000654,0.013263092,0.000330,0.01052184,0.000715,0.007062026
2018/6/8,0.003463,0.010715005,0.000654,0.013039706,0.000330,0.010197338,0.000715,0.006818347
2018/6/11,0.003463,0.011308077,0.000654,0.013215582,0.000330,0.01112702,0.000715,0.006427123
2018/6/12,0.003463,0.011110508,0.000654,0.012833832,0.000330,0.011396436,0.000715,0.006071656
2018/6/13,0.003463,0.01112464,0.000654,0.013031251,0.000330,0.010980207,0.000715,0.005739797
2018/6/14,0.003463,0.011356797,0.000654,0.013602686,0.000330,0.011132886,0.000715,0.006246367
2018/6/15,0.003463,0.010927618,0.000654,0.013493978,0.000330,0.011392889,0.000715,0.005900367
2018/6/19,0.003463,0.010961704,0.000654,0.013968295,0.000330,0.011250705,0.000715,0.005862716
2018/6/20,0.003463,0.013795383,0.000654,0.017720645,0.000330,0.013408955,0.000715,0.006794542
2018/6/21,0.003463,0.013295586,0.000654,0.017362059,0.000330,0.014249535,0.000715,0.006411787
2018/6/22,0.003463,0.013688285,0.000654,0.018038174,0.000330,0.014229552,0.000715,0.007316522
2018/6/25,0.003463,0.01333181,0.000654,0.01774238,0.000330,0.013948913,0.000715,0.006894307
2018/6/26,0.003463,0.013452913,0.000654,0.017629043,0.000330,0.013856214,0.000715,0.009306338
2018/6/27,0.003463,0.013125471,0.000654,0.0168511,0.000330,0.013614038,0.000715,0.008730494
2018/6/28,0.003463,0.013288831,0.000654,0.017504874,0.000330,0.01405107,0.000715,0.009855768
2018/6/29,0.003463,0.013297004,0.000654,0.017317222,0.000330,0.014055094,0.000715,0.009220537
2018/7/2,0.003463,0.014073618,0.000654,0.018476747,0.000330,0.013488418,0.000715,0.008652915
2018/7/3,0.003463,0.015408024,0.000654,0.019152204,0.000330,0.013296313,0.000715,0.008122157
2018/7/4,0.003463,0.014917993,0.000654,0.018402808,0.000330,0.013369794,0.000715,0.008581331
2018/7/5,0.003463,0.014876633,0.000654,0.019041316,0.000330,0.013566374,0.000715,0.008229912
2018/7/6,0.003463,0.014765016,0.000654,0.01946193,0.000330,0.013251833,0.000715,0.007712277
2018/7/9,0.003463,0.014368846,0.000654,0.018714674,0.000330,0.012719841,0.000715,0.007232845
2018/7/10,0.003463,0.015281919,0.000654,0.01946237,0.000330,0.012237321,0.000715,0.006788024
2018/7/11,0.003463,0.014809432,0.000654,0.01864645,0.000330,0.012025075,0.000715,0.006395694
2018/7/12,0.003463,0.015432101,0.000654,0.019156447,0.000330,0.012130237,0.000715,0.007393271
2018/7/13,0.003463,0.016055218,0.000654,0.019842927,0.000330,0.012008281,0.000715,0.006940092
2018/7/16,0.003463,0.015352918,0.000654,0.019065866,0.000330,0.01158863,0.000715,0.006545915
2018/7/17,0.003463,0.01498991,0.000654,0.01815749,0.000330,0.01114987,0.000715,0.006455548
2018/7/18,0.003463,0.01461283,0.000654,0.017535531,0.000330,0.011317407,0.000715,0.006088182
2018/7/19,0.003463,0.014113782,0.000654,0.017362745,0.000330,0.011277034,0.000715,0.005753135
2018/7/20,0.003463,0.013752765,0.000654,0.016891373,0.000330,0.010934376,0.000715,0.006236186
2018/7/23,0.003463,0.014406375,0.000654,0.016686722,0.000330,0.0105738,0.000715,0.00621365
2018/7/24,0.003463,0.014369354,0.000654,0.016178925,0.000330,0.010295686,0.000715,0.0058719
2018/7/25,0.003463,0.014675411,0.000654,0.016339515,0.000330,0.009939698,0.000715,0.005543223
2018/7/26,0.003463,0.013951246,0.000654,0.015612498,0.000330,0.009994769,0.000715,0.005221227
2018/7/27,0.003463,0.013803226,0.000654,0.015707522,0.000330,0.009913511,0.000715,0.005502606
2018/7/30,0.003463,0.013308258,0.000654,0.015417177,0.000330,0.009643842,0.000715,0.006561063
2018/7/31,0.003463,0.012729197,0.000654,0.015577675,0.000330,0.009363053,0.000715,0.007419752
2018/8/1,0.003463,0.012269446,0.000654,0.014863,0.000330,0.009222411,0.000715,0.006978873
2018/8/2,0.003463,0.013116361,0.000654,0.015602055,0.000330,0.009355692,0.000715,0.006847019
2018/8/3,0.003463,0.014066752,0.000654,0.016746051,0.000330,0.011196478,0.000715,0.006447362
2018/8/6,0.003463,0.014090466,0.000654,0.017458704,0.000330,0.01186772,0.000715,0.006076982
2018/8/7,0.003463,0.014346872,0.000654,0.018156506,0.000330,0.011417488,0.000715,0.00573733
2018/8/8,0.003463,0.015442992,0.000654,0.019069849,0.000330,0.011027101,0.000715,0.005424758
2018/8/9,0.003463,0.01561536,0.000654,0.01969901,0.000330,0.011031418,0.000715,0.005276467
2018/8/10,0.003463,0.016008307,0.000654,0.020571821,0.000330,0.010652044,0.000715,0.005371334
2018/8/13,0.003463,0.015230259,0.000654,0.019750983,0.000330,0.010675875,0.000715,0.006559677
2018/8/14,0.003463,0.014668191,0.000654,0.018970695,0.000330,0.011331689,0.000715,0.007094683
2018/8/15,0.003463,0.014010483,0.000654,0.018620154,0.000330,0.011601622,0.000715,0.006672339
2018/8/16,0.003463,0.014962991,0.000654,0.019340625,0.000330,0.012107675,0.000715,0.007743142
2018/8/17,0.003463,0.014658946,0.000654,0.019112089,0.000330,0.012385077,0.000715,0.007266606
2018/8/20,0.003463,0.01492182,0.000654,0.019350292,0.000330,0.012047057,0.000715,0.006840041
2018/8/21,0.003463,0.014898343,0.000654,0.018685929,0.000330,0.011599039,0.000715,0.006448994
2018/8/22,0.003463,0.015000279,0.000654,0.018665702,0.000330,0.011483687,0.000715,0.006088271
2018/8/23,0.003463,0.014732691,0.000654,0.018588826,0.000330,0.011101536,0.000715,0.005924491
2018/8/24,0.003463,0.014246001,0.000654,0.017955499,0.000330,0.010851267,0.000715,0.006017768
2018/8/27,0.003463,0.013666545,0.000654,0.017267407,0.000330,0.010597437,0.000715,0.005674154
2018/8/28,0.003463,0.014210554,0.000654,0.018202209,0.000330,0.010270923,0.000715,0.005347998
2018/8/29,0.003463,0.01353146,0.000654,0.017353248,0.000330,0.010755818,0.000715,0.005071291
2018/8/30,0.003463,0.013054833,0.000654,0.016886052,0.000330,0.010383224,0.000715,0.004795219
2018/8/31,0.003463,0.013275448,0.000654,0.017213649,0.000330,0.010347298,0.000715,0.005414645
2018/9/3,0.003463,0.012918145,0.000654,0.017045384,0.000330,0.010578658,0.000715,0.005268586
2018/9/4,0.003463,0.012349446,0.000654,0.016355936,0.000330,0.0106168,0.000715,0.005127671
2018/9/5,0.003463,0.012455853,0.000654,0.016244256,0.000330,0.010345545,0.000715,0.005275681
2018/9/6,0.003463,0.013171561,0.000654,0.016873211,0.000330,0.012493645,0.000715,0.00563462
2018/9/7,0.003463,0.012826425,0.000654,0.01665273,0.000330,0.013620668,0.000715,0.006136283
2018/9/10,0.003463,0.012467088,0.000654,0.015925323,0.000330,0.013260614,0.000715,0.00634871
2018/9/11,0.003463,0.012772615,0.000654,0.016597538,0.000330,0.01327329,0.000715,0.00599725
2018/9/12,0.003463,0.012209738,0.000654,0.015768289,0.000330,0.013249206,0.000715,0.005663475
2018/9/13,0.003463,0.011797339,0.000654,0.015517636,0.000330,0.01285114,0.000715,0.005393444
2018/9/14,0.003463,0.011978662,0.000654,0.015091167,0.000330,0.012352838,0.000715,0.005096776
2018/9/17,0.003463,0.011475047,0.000654,0.014842298,0.000330,0.012838746,0.000715,0.00486542
2018/9/18,0.003463,0.011754272,0.000654,0.015184668,0.000330,0.013002103,0.000715,0.005758038
2018/9/19,0.003463,0.012379143,0.000654,0.015427478,0.000330,0.012796622,0.000715,0.005436769
2018/9/20,0.003463,0.01251132,0.000654,0.015454787,0.000330,0.012319623,0.000715,0.005151175
2018/9/21,0.003463,0.011894874,0.000654,0.014842659,0.000330,0.012051676,0.000715,0.004861719
2018/9/25,0.003463,0.012958443,0.000654,0.01539666,0.000330,0.011590506,0.000715,0.004726286
2018/9/26,0.003463,0.012751894,0.000654,0.015191555,0.000330,0.012488128,0.000715,0.005483105
2018/9/27,0.003463,0.012700286,0.000654,0.014915809,0.000330,0.012505242,0.000715,0.005946079
2018/9/28,0.003463,0.01247318,0.000654,0.015026458,0.000330,0.012240631,0.000715,0.005620721
2018/10/8,0.003463,0.012522025,0.000654,0.014773334,0.000330,0.011786515,0.000715,0.005432187
2018/10/9,0.003463,0.01515696,0.000654,0.017426702,0.000330,0.019575761,0.000715,0.007251168
2018/10/10,0.003463,0.014504057,0.000654,0.016575087,0.000330,0.02248791,0.000715,0.007297389
2018/10/11,0.003463,0.013895054,0.000654,0.01621325,0.000330,0.021426106,0.000715,0.015180553
2018/10/12,0.003463,0.017901826,0.000654,0.020374609,0.000330,0.022702904,0.000715,0.018340442
2018/10/15,0.003463,0.017571486,0.000654,0.019533028,0.000330,0.022984116,0.000715,0.016947959
2018/10/16,0.003463,0.017779737,0.000654,0.019683096,0.000330,0.022572564,0.000715,0.016726133
2018/10/17,0.003463,0.017441518,0.000654,0.02011375,0.000330,0.021708551,0.000715,0.015448551
2018/10/18,0.003463,0.016953005,0.000654,0.019558665,0.000330,0.020682559,0.000715,0.014357498
2018/10/19,0.003463,0.018434052,0.000654,0.020414199,0.000330,0.019713489,0.000715,0.015963519
2018/10/22,0.003463,0.019165896,0.000654,0.021079089,0.000330,0.018797463,0.000715,0.015136287
2018/10/23,0.003463,0.02086267,0.000654,0.022970752,0.000330,0.017947789,0.000715,0.014929385
2018/10/24,0.003463,0.021530223,0.000654,0.023443312,0.000330,0.01966828,0.000715,0.014966416
2018/10/25,0.003463,0.02060889,0.000654,0.02246031,0.000330,0.019963335,0.000715,0.020053308
2018/10/26,0.003463,0.019554387,0.000654,0.02146741,0.000330,0.019283762,0.000715,0.018488743
2018/10/29,0.003463,0.018607864,0.000654,0.020573137,0.000330,0.018812119,0.000715,0.020102633
2018/10/30,0.003463,0.019342843,0.000654,0.021377409,0.000330,0.018123159,0.000715,0.019931649
2018/10/31,0.003463,0.018994439,0.000654,0.020677789,0.000330,0.017503597,0.000715,0.018384207
2018/11/1,0.003463,0.018870208,0.000654,0.020375474,0.000330,0.016836065,0.000715,0.016991289
2018/11/2,0.003463,0.017986503,0.000654,0.01997191,0.000330,0.016367268,0.000715,0.015725544
2018/11/5,0.003463,0.018789245,0.000654,0.021356688,0.000330,0.016007905,0.000715,0.01564964
2018/11/6,0.003463,0.018089008,0.000654,0.020545866,0.000330,0.018291418,0.000715,0.014524893
2018/11/7,0.003463,0.017283283,0.000654,0.019914771,0.000330,0.0180147,0.000715,0.013494604
2018/11/8,0.003463,0.016880555,0.000654,0.019289057,0.000330,0.017239978,0.000715,0.012499011
2018/11/9,0.003463,0.016132472,0.000654,0.018808513,0.000330,0.016462721,0.000715,0.011980906
2018/11/12,0.003463,0.016379352,0.000654,0.018348204,0.000330,0.017111089,0.000715,0.012879339
2018/11/13,0.003463,0.016318004,0.000654,0.018868819,0.000330,0.017169121,0.000715,0.015865304
2018/11/14,0.003463,0.016068018,0.000654,0.018825538,0.000330,0.016395358,0.000715,0.015302069
2018/11/15,0.003463,0.01588175,0.000654,0.018370824,0.000330,0.015785265,0.000715,0.015665877
2018/11/16,0.003463,0.015935481,0.000654,0.018091059,0.000330,0.015139806,0.000715,0.014522675
2018/11/19,0.003463,0.015377154,0.000654,0.017557567,0.000330,0.014864625,0.000715,0.013506282
2018/11/20,0.003463,0.015161364,0.000654,0.016960511,0.000330,0.014236034,0.000715,0.015639178
2018/11/21,0.003463,0.016123034,0.000654,0.018325521,0.000330,0.014824797,0.000715,0.018048182
2018/11/22,0.003463,0.015436525,0.000654,0.017600191,0.000330,0.014866406,0.000715,0.016721225
2018/11/23,0.003463,0.014792996,0.000654,0.016925922,0.000330,0.0142511,0.000715,0.015647323
2018/11/26,0.003463,0.01608102,0.000654,0.018580021,0.000330,0.013691259,0.000715,0.01575033
2018/11/27,0.003463,0.015312968,0.000654,0.017845609,0.000330,0.013146334,0.000715,0.014581477
2018/11/28,0.003463,0.014530612,0.000654,0.017031838,0.000330,0.013045076,0.000715,0.013555097
2018/11/29,0.003463,0.014474022,0.000654,0.017102305,0.000330,0.012518186,0.000715,0.01254823
2018/11/30,0.003463,0.014758967,0.000654,0.017858981,0.000330,0.012523975,0.000715,0.01196056
2018/12/3,0.003463,0.014535497,0.000654,0.017625261,0.000330,0.012175212,0.000715,0.01114299
2018/12/4,0.003463,0.015475641,0.000654,0.018736908,0.000330,0.011700722,0.000715,0.010382039
2018/12/5,0.003463,0.014947527,0.000654,0.01783822,0.000330,0.012288372,0.000715,0.016567125
2018/12/6,0.003463,0.014642429,0.000654,0.017199278,0.000330,0.012672555,0.000715,0.015781206
2018/12/7,0.003463,0.015243608,0.000654,0.018208305,0.000330,0.014511383,0.000715,0.015081341
2018/12/10,0.003463,0.014497923,0.000654,0.017288758,0.000330,0.015001118,0.000715,0.018451404
2018/12/11,0.003463,0.014375013,0.000654,0.017523508,0.000330,0.014787174,0.000715,0.017152849
2018/12/12,0.003463,0.013892512,0.000654,0.017102407,0.000330,0.014404903,0.000715,0.01611373
2018/12/13,0.003463,0.013400498,0.000654,0.016237422,0.000330,0.013790906,0.000715,0.014947854
2018/12/14,0.003463,0.01351157,0.000654,0.01629394,0.000330,0.01357136,0.000715,0.014006643
2018/12/17,0.003463,0.014052292,0.000654,0.017326673,0.000330,0.014003473,0.000715,0.016605058
2018/12/18,0.003463,0.013458954,0.000654,0.016736635,0.000330,0.013879456,0.000715,0.019453124
2018/12/19,0.003463,0.013401898,0.000654,0.016611707,0.000330,0.013635232,0.000715,0.018334735
2018/12/20,0.003463,0.013531836,0.000654,0.016829889,0.000330,0.013279328,0.000715,0.019791781
2018/12/21,0.003463,0.013215872,0.000654,0.015987347,0.000330,0.013015786,0.000715,0.021289526
2018/12/24,0.003463,0.013131304,0.000654,0.01606955,0.000330,0.012661651,0.000715,0.023546944
2018/12/25,0.003463,0.012769251,0.000654,0.015656255,0.000330,0.012241802,0.000715,0.026847007
2018/12/26,0.003463,0.012782462,0.000654,0.015510783,0.000330,0.011795229,0.000715,0.025104159
2018/12/27,0.003463,0.012292728,0.000654,0.015191814,0.000330,0.011341027,0.000715,0.022946037
2018/12/28,0.003463,0.012107766,0.000654,0.015232122,0.000330,0.011090546,0.000715,0.021129358
2019/1/2,0.003463,0.011814991,0.000654,0.014647577,0.000330,0.010791283,0.000715,0.019678975
2019/1/3,0.003463,0.012101452,0.000654,0.01492234,0.000330,0.011204709,0.000715,0.018173665
2019/1/4,0.003463,0.011520541,0.000654,0.014799535,0.000330,0.011307513,0.000715,0.02128508
2019/1/7,0.003463,0.012318643,0.000654,0.015755687,0.000330,0.010906334,0.000715,0.019547771
2019/1/8,0.003463,0.012184869,0.000654,0.015876096,0.000330,0.011362335,0.000715,0.018058596
2019/1/9,0.003463,0.01174456,0.000654,0.01520493,0.000330,0.011053903,0.000715,0.016699747
2019/1/10,0.003463,0.011629795,0.000654,0.014869953,0.000330,0.010649664,0.000715,0.015483675
2019/1/11,0.003463,0.011306616,0.000654,0.014378964,0.000330,0.01116734,0.000715,0.014375336
2019/1/14,0.003463,0.011233895,0.000654,0.014013801,0.000330,0.010761947,0.000715,0.013471782
2019/1/15,0.003463,0.011215177,0.000654,0.014039997,0.000330,0.011134454,0.000715,0.013540591
2019/1/16,0.003463,0.011550457,0.000654,0.014509254,0.000330,0.011153137,0.000715,0.012581407
2019/1/17,0.003463,0.010997036,0.000654,0.013966817,0.000330,0.01141001,0.000715,0.011731583
2019/1/18,0.003463,0.01076552,0.000654,0.013951775,0.000330,0.011107409,0.000715,0.010934914
2019/1/21,0.003463,0.01115858,0.000654,0.014113385,0.000330,0.010769381,0.000715,0.010183029
2019/1/22,0.003463,0.010963857,0.000654,0.013743214,0.000330,0.010648183,0.000715,0.009538929
2019/1/23,0.003463,0.011375657,0.000654,0.014215135,0.000330,0.010492043,0.000715,0.01165432
2019/1/24,0.003463,0.01085707,0.000654,0.013561029,0.000330,0.01024626,0.000715,0.010887347
2019/1/25,0.003463,0.010591473,0.000654,0.013228199,0.000330,0.009892251,0.000715,0.010183992
2019/1/28,0.003463,0.010321272,0.000654,0.012736722,0.000330,0.009591517,0.000715,0.009511803
2019/1/29,0.003463,0.009951452,0.000654,0.012247027,0.000330,0.009815007,0.000715,0.01031956
2019/1/30,0.003463,0.009540251,0.000654,0.012053743,0.000330,0.009505861,0.000715,0.010087177
2019/1/31,0.003463,0.00964789,0.000654,0.01233986,0.000330,0.00921214,0.000715,0.009398055
2019/2/1,0.003463,0.009409672,0.000654,0.011801373,0.000330,0.008957973,0.000715,0.008785609
2019/2/11,0.003463,0.00979623,0.000654,0.012945233,0.000330,0.008938423,0.000715,0.008250311
2019/2/12,0.003463,0.01019091,0.000654,0.014236808,0.000330,0.008675616,0.000715,0.007757324
2019/2/13,0.003463,0.010110227,0.000654,0.014171942,0.000330,0.008551331,0.000715,0.007259843
2019/2/14,0.003463,0.010794419,0.000654,0.014702318,0.000330,0.008317236,0.000715,0.006833495
2019/2/15,0.003463,0.010329722,0.000654,0.014256944,0.000330,0.008422371,0.000715,0.006969668
2019/2/18,0.003463,0.010983773,0.000654,0.014425006,0.000330,0.00977622,0.000715,0.00653946
2019/2/19,0.003463,0.012193267,0.000654,0.016254281,0.000330,0.010328793,0.000715,0.006201999
2019/2/20,0.003463,0.011585324,0.000654,0.0155881,0.000330,0.010479222,0.000715,0.005861585
2019/2/21,0.003463,0.011106607,0.000654,0.015043224,0.000330,0.010151768,0.000715,0.005544603
2019/2/22,0.003463,0.010865786,0.000654,0.014580314,0.000330,0.009987499,0.000715,0.005974144
2019/2/25,0.003463,0.011527077,0.000654,0.015356391,0.000330,0.009681028,0.000715,0.005633189
2019/2/26,0.003463,0.014893355,0.000654,0.018219901,0.000330,0.009444949,0.000715,0.005333562
2019/2/27,0.003463,0.014747726,0.000654,0.017698052,0.000330,0.009380381,0.000715,0.005293591
2019/2/28,0.003463,0.014181549,0.000654,0.01748089,0.000330,0.009206643,0.000715,0.005241062
2019/3/1,0.003463,0.013888024,0.000654,0.016711215,0.000330,0.009020162,0.000715,0.005595581
2019/3/4,0.003463,0.014253268,0.000654,0.016742922,0.000330,0.008809697,0.000715,0.005279687
2019/3/5,0.003463,0.014145948,0.000654,0.017307001,0.000330,0.008631659,0.000715,0.005750797
2019/3/6,0.003463,0.013887419,0.000654,0.017766255,0.000330,0.00844511,0.000715,0.005788535
2019/3/7,0.003463,0.014076831,0.000654,0.017455537,0.000330,0.008217577,0.000715,0.006815105
2019/3/8,0.003463,0.013367924,0.000654,0.016767981,0.000330,0.008416316,0.000715,0.008118924
2019/3/11,0.003463,0.016768947,0.000654,0.018481861,0.000330,0.010047564,0.000715,0.008212063
2019/3/12,0.003463,0.017030962,0.000654,0.019846601,0.000330,0.010611252,0.000715,0.007674477
2019/3/13,0.003463,0.016740584,0.000654,0.019529071,0.000330,0.010385979,0.000715,0.00721692
2019/3/14,0.003463,0.016846374,0.000654,0.020386505,0.000330,0.010476747,0.000715,0.006781084
2019/3/15,0.003463,0.017025754,0.000654,0.020725966,0.000330,0.010144663,0.000715,0.00659304
2019/3/18,0.003463,0.016705651,0.000654,0.020485416,0.000330,0.009799632,0.000715,0.006211668
2019/3/19,0.003463,0.017322625,0.000654,0.02121961,0.000330,0.009531745,0.000715,0.005861786
2019/3/20,0.003463,0.0166627,0.000654,0.020148442,0.000330,0.009595487,0.000715,0.005651135
2019/3/21,0.003463,0.015910469,0.000654,0.019422413,0.000330,0.009405915,0.000715,0.005980792
2019/3/22,0.003463,0.015213802,0.000654,0.018799043,0.000330,0.009510548,0.000715,0.005623049
2019/3/25,0.003463,0.014471679,0.000654,0.017816069,0.000330,0.009410516,0.000715,0.009526753
2019/3/26,0.003463,0.015472448,0.000654,0.018267829,0.000330,0.010763354,0.000715,0.00936174
2019/3/27,0.003463,0.015996229,0.000654,0.018811542,0.000330,0.011305291,0.000715,0.008761344
2019/3/28,0.003463,0.015626389,0.000654,0.018423243,0.000330,0.010882774,0.000715,0.009079652
2019/3/29,0.003463,0.015642009,0.000654,0.01802499,0.000330,0.010538565,0.000715,0.008514559
2019/4/1,0.003463,0.016831564,0.000654,0.019507533,0.000330,0.010168486,0.000715,0.007980941
2019/4/2,0.003463,0.017501514,0.000654,0.02065975,0.000330,0.009987114,0.000715,0.007470021
2019/4/3,0.003463,0.016610866,0.000654,0.019628258,0.000330,0.010237113,0.000715,0.007038914
2019/4/4,0.003463,0.016415772,0.000654,0.019006356,0.000330,0.009891952,0.000715,0.006634588
2019/4/8,0.003463,0.01603689,0.000654,0.018419181,0.000330,0.009855625,0.000715,0.006260364
2019/4/9,0.003463,0.015382784,0.000654,0.017974601,0.000330,0.009535731,0.000715,0.005900237
2019/4/10,0.003463,0.014848081,0.000654,0.017524389,0.000330,0.009269032,0.000715,0.006735824
2019/4/11,0.003463,0.014162887,0.000654,0.016715428,0.000330,0.009004625,0.000715,0.006350649
2019/4/12,0.003463,0.014890463,0.000654,0.017904322,0.000330,0.00914621,0.000715,0.006096649
2019/4/15,0.003463,0.014277056,0.000654,0.017194903,0.000330,0.009114856,0.000715,0.005745402
2019/4/16,0.003463,0.013934553,0.000654,0.016935092,0.000330,0.008902726,0.000715,0.005605877
2019/4/17,0.003463,0.014655103,0.000654,0.017501752,0.000330,0.008677382,0.000715,0.005347111
2019/4/18,0.003463,0.013979763,0.000654,0.016845314,0.000330,0.008672358,0.000715,0.005581045
2019/4/19,0.003463,0.013713988,0.000654,0.016387914,0.000330,0.008575981,0.000715,0.005285527
2019/4/22,0.003463,0.013305515,0.000654,0.016269421,0.000330,0.008431762,0.000715,0.005127427
2019/4/23,0.003463,0.014176414,0.000654,0.016890676,0.000330,0.008206204,0.000715,0.0048651
2019/4/24,0.003463,0.013978015,0.000654,0.016761551,0.000330,0.007997382,0.000715,0.004591766
2019/4/25,0.003463,0.013305481,0.000654,0.016531359,0.000330,0.007957333,0.000715,0.004780279
2019/4/26,0.003463,0.014802119,0.000654,0.018246941,0.000330,0.008252503,0.000715,0.004735825
2019/4/29,0.003463,0.015105614,0.000654,0.018226285,0.000330,0.008276854,0.000715,0.004486832
2019/4/30,0.003463,0.015030934,0.000654,0.018570716,0.000330,0.008066361,0.000715,0.004266766
2019/5/6,0.003463,0.014511967,0.000654,0.017938161,0.000330,0.008289997,0.000715,0.004062275
2019/5/7,0.003463,0.018982584,0.000654,0.023567711,0.000330,0.009458324,0.000715,0.004823545
2019/5/8,0.003463,0.018361177,0.000654,0.023395749,0.000330,0.009875051,0.000715,0.008524282
2019/5/9,0.003463,0.018325135,0.000654,0.023059877,0.000330,0.010199419,0.000715,0.008573215
2019/5/10,0.003463,0.018582549,0.000654,0.02268638,0.000330,0.01227043,0.000715,0.00873712
2019/5/13,0.003463,0.019551547,0.000654,0.023840162,0.000330,0.012934883,0.000715,0.008198568
2019/5/14,0.003463,0.01952083,0.000654,0.023575919,0.000330,0.012500637,0.000715,0.012906476
2019/5/15,0.003463,0.019065731,0.000654,0.022881538,0.000330,0.01273723,0.000715,0.012015132
2019/5/16,0.003463,0.019216353,0.000654,0.023140842,0.000330,0.012673684,0.000715,0.011201179
2019/5/17,0.003463,0.018509296,0.000654,0.022005202,0.000330,0.012197644,0.000715,0.01044327
2019/5/20,0.003463,0.01962477,0.000654,0.023200747,0.000330,0.012180146,0.000715,0.010789358
2019/5/21,0.003463,0.018929579,0.000654,0.022665536,0.000330,0.012112931,0.000715,0.011413337
2019/5/22,0.003463,0.018659934,0.000654,0.02259121,0.000330,0.011803655,0.000715,0.010642272
2019/5/23,0.003463,0.018096781,0.000654,0.02182964,0.000330,0.011403273,0.000715,0.010482023
2019/5/24,0.003463,0.018264776,0.000654,0.022578438,0.000330,0.011859424,0.000715,0.01208346
2019/5/27,0.003463,0.017312937,0.000654,0.021671657,0.000330,0.011932596,0.000715,0.011302321
2019/5/28,0.003463,0.017240068,0.000654,0.02190461,0.000330,0.01150435,0.000715,0.010698245
2019/5/29,0.003463,0.016678009,0.000654,0.021023798,0.000330,0.011083398,0.000715,0.011587433
2019/5/30,0.003463,0.015875283,0.000654,0.020120165,0.000330,0.010821152,0.000715,0.012213402
2019/5/31,0.003463,0.015333632,0.000654,0.019665604,0.000330,0.010595916,0.000715,0.011398914
2019/6/3,0.003463,0.014773898,0.000654,0.01880976,0.000330,0.010529757,0.000715,0.013128343
2019/6/4,0.003463,0.014286749,0.000654,0.01843586,0.000330,0.010318941,0.000715,0.012942281
2019/6/5,0.003463,0.014363018,0.000654,0.018394479,0.000330,0.01006804,0.000715,0.011995624
2019/6/6,0.003463,0.013680516,0.000654,0.017510046,0.000330,0.009793297,0.000715,0.011171363
2019/6/10,0.003463,0.01396255,0.000654,0.018028255,0.000330,0.009512219,0.000715,0.010424774
2019/6/11,0.003463,0.01376775,0.000654,0.017981735,0.000330,0.009219515,0.000715,0.00970725
2019/6/12,0.003463,0.014707387,0.000654,0.019360879,0.000330,0.009962967,0.000715,0.009124649
2019/6/13,0.003463,0.014439674,0.000654,0.019085873,0.000330,0.010894549,0.000715,0.009000288
2019/6/14,0.003463,0.013704776,0.000654,0.018120343,0.000330,0.011175746,0.000715,0.008439197
2019/6/17,0.003463,0.01384332,0.000654,0.018437893,0.000330,0.010928508,0.000715,0.008287581
2019/6/18,0.003463,0.013232427,0.000654,0.017709746,0.000330,0.010633435,0.000715,0.00779355
2019/6/19,0.003463,0.012589968,0.000654,0.01687984,0.000330,0.010277173,0.000715,0.007305063
2019/6/20,0.003463,0.012524188,0.000654,0.016852655,0.000330,0.010102079,0.000715,0.006876175
2019/6/21,0.003463,0.013391934,0.000654,0.017370555,0.000330,0.01095813,0.000715,0.006456659
2019/6/24,0.003463,0.012972328,0.000654,0.016971041,0.000330,0.010864558,0.000715,0.006334875
2019/6/25,0.003463,0.012394892,0.000654,0.0161849,0.000330,0.010487228,0.000715,0.0063986
2019/6/26,0.003463,0.012535705,0.000654,0.016144341,0.000330,0.010636154,0.000715,0.007972328
2019/6/27,0.003463,0.012116592,0.000654,0.015336301,0.000330,0.010573404,0.000715,0.007927543
2019/6/28,0.003463,0.011893439,0.000654,0.015315343,0.000330,0.010198345,0.000715,0.007451114
2019/7/1,0.003463,0.011838816,0.000654,0.015100395,0.000330,0.010245241,0.000715,0.007002503
2019/7/2,0.003463,0.012631085,0.000654,0.016829039,0.000330,0.009910951,0.000715,0.006579851
2019/7/3,0.003463,0.012092533,0.000654,0.01599013,0.000330,0.009579651,0.000715,0.00620522
2019/7/4,0.003463,0.012321287,0.000654,0.016125367,0.000330,0.009536295,0.000715,0.005841399
2019/7/5,0.003463,0.012030547,0.000654,0.015802108,0.000330,0.009256421,0.000715,0.00557398
2019/7/8,0.003463,0.011501492,0.000654,0.015494643,0.000330,0.008990667,0.000715,0.005698599
2019/7/9,0.003463,0.013210881,0.000654,0.016933602,0.000330,0.009764493,0.000715,0.006400756
2019/7/10,0.003463,0.012722749,0.000654,0.016189924,0.000330,0.010305555,0.000715,0.00604839
2019/7/11,0.003463,0.012473541,0.000654,0.015763421,0.000330,0.010107509,0.000715,0.005708344
2019/7/12,0.003463,0.01187053,0.000654,0.015032737,0.000330,0.009776601,0.000715,0.005399803
2019/7/15,0.003463,0.011518892,0.000654,0.014580751,0.000330,0.009576296,0.000715,0.005104687
2019/7/16,0.003463,0.011159518,0.000654,0.014502546,0.000330,0.00927064,0.000715,0.004891794
2019/7/17,0.003463,0.010774917,0.000654,0.014098653,0.000330,0.008997932,0.000715,0.005362376
2019/7/18,0.003463,0.010447549,0.000654,0.013536159,0.000330,0.008745235,0.000715,0.006453088
2019/7/19,0.003463,0.010826492,0.000654,0.014185051,0.000330,0.008610596,0.000715,0.006088732
2019/7/22,0.003463,0.010761605,0.000654,0.014005433,0.000330,0.008440243,0.000715,0.006971925
2019/7/23,0.003463,0.011317653,0.000654,0.014308464,0.000330,0.009291962,0.000715,0.006571827
2019/7/24,0.003463,0.011011284,0.000654,0.013994574,0.000330,0.009497077,0.000715,0.006184947
2019/7/25,0.003463,0.010943092,0.000654,0.013788527,0.000330,0.009210025,0.000715,0.005832954
2019/7/26,0.003463,0.01067108,0.000654,0.013646782,0.000330,0.008933545,0.000715,0.006521067
2019/7/29,0.003463,0.010264953,0.000654,0.013064212,0.000330,0.008906557,0.000715,0.006137188
2019/7/30,0.003463,0.009902614,0.000654,0.012476897,0.000330,0.009277568,0.000715,0.006136227
2019/7/31,0.003463,0.009626193,0.000654,0.012077915,0.000330,0.009289144,0.000715,0.006373964
2019/8/1,0.003463,0.009748279,0.000654,0.012073725,0.000330,0.009744725,0.000715,0.008265574
2019/8/2,0.003463,0.009972731,0.000654,0.01203424,0.000330,0.010128993,0.000715,0.009642342
2019/8/5,0.003463,0.010689567,0.000654,0.012546567,0.000330,0.011969868,0.000715,0.010547255
2019/8/6,0.003463,0.011532431,0.000654,0.01326186,0.000330,0.015029724,0.000715,0.016333777
2019/8/7,0.003463,0.012256287,0.000654,0.013676967,0.000330,0.015872297,0.000715,0.015127385
2019/8/8,0.003463,0.011895686,0.000654,0.013428764,0.000330,0.015261438,0.000715,0.014063744
2019/8/9,0.003463,0.011886448,0.000654,0.013476445,0.000330,0.014597242,0.000715,0.013029001
2019/8/12,0.003463,0.011866014,0.000654,0.013946971,0.000330,0.014141435,0.000715,0.013188944
2019/8/13,0.003463,0.012190665,0.000654,0.014579153,0.000330,0.013701193,0.000715,0.014530715
2019/8/14,0.003463,0.01209459,0.000654,0.014610986,0.000330,0.014461375,0.000715,0.013472917
2019/8/15,0.003463,0.011741147,0.000654,0.01435532,0.000330,0.01461483,0.000715,0.018208933
2019/8/16,0.003463,0.011299401,0.000654,0.013820806,0.000330,0.013988397,0.000715,0.016870683
2019/8/19,0.003463,0.0109059,0.000654,0.013507446,0.000330,0.013475707,0.000715,0.015605181
2019/8/20,0.003463,0.011713931,0.000654,0.014641426,0.000330,0.013041704,0.000715,0.014457182
2019/8/21,0.003463,0.011246074,0.000654,0.013945399,0.000330,0.013216233,0.000715,0.014756982
2019/8/22,0.003463,0.010710906,0.000654,0.013363636,0.000330,0.012682865,0.000715,0.0137014
2019/8/23,0.003463,0.010228743,0.000654,0.012861989,0.000330,0.012414597,0.000715,0.012898954
2019/8/26,0.003463,0.010006132,0.000654,0.012262334,0.000330,0.012072436,0.000715,0.017122501
2019/8/27,0.003463,0.01051297,0.000654,0.012443278,0.000330,0.012813955,0.000715,0.015851637
2019/8/28,0.003463,0.010832269,0.000654,0.01298351,0.000330,0.013003017,0.000715,0.015308978
2019/8/29,0.003463,0.010564651,0.000654,0.012661991,0.000330,0.012491978,0.000715,0.014210473
2019/8/30,0.003463,0.010157089,0.000654,0.012178568,0.000330,0.012003477,0.000715,0.013184051
2019/9/2,0.003463,0.009822129,0.000654,0.011928267,0.000330,0.011551114,0.000715,0.012287856
2019/9/3,0.003463,0.010153734,0.000654,0.012735575,0.000330,0.011171641,0.000715,0.011563132
2019/9/4,0.003463,0.009754983,0.000654,0.012432993,0.000330,0.010859068,0.000715,0.012095289
2019/9/5,0.003463,0.009832433,0.000654,0.012258295,0.000330,0.010505364,0.000715,0.011258717
2019/9/6,0.003463,0.009920495,0.000654,0.01211034,0.000330,0.01264957,0.000715,0.01048052
2019/9/9,0.003463,0.0096798,0.000654,0.01176684,0.000330,0.012141381,0.000715,0.009808939
2019/9/10,0.003463,0.009688901,0.000654,0.012280661,0.000330,0.011730409,0.000715,0.009299846
2019/9/11,0.003463,0.009376639,0.000654,0.012006779,0.000330,0.011280484,0.000715,0.008792894
2019/9/12,0.003463,0.009316109,0.000654,0.012313674,0.000330,0.010858483,0.000715,0.008236279
2019/9/16,0.003463,0.009285712,0.000654,0.01210481,0.000330,0.011036075,0.000715,0.007737359
2019/9/17,0.003463,0.008916527,0.000654,0.011608411,0.000330,0.010645435,0.000715,0.008025208
2019/9/18,0.003463,0.010034626,0.000654,0.01260534,0.000330,0.010851522,0.000715,0.007545834
2019/9/19,0.003463,0.009662761,0.000654,0.012158549,0.000330,0.010827811,0.000715,0.007158413
2019/9/20,0.003463,0.009436185,0.000654,0.012146354,0.000330,0.010883789,0.000715,0.006865158
2019/9/23,0.003463,0.00908524,0.000654,0.01170196,0.000330,0.010771032,0.000715,0.007457614
2019/9/24,0.003463,0.009508943,0.000654,0.011956282,0.000330,0.010650335,0.000715,0.007214306
2019/9/25,0.003463,0.009182443,0.000654,0.011550024,0.000330,0.01043258,0.000715,0.008465653
2019/9/26,0.003463,0.009615488,0.000654,0.012163688,0.000330,0.01070764,0.000715,0.007940381
2019/9/27,0.003463,0.009920409,0.000654,0.013231573,0.000330,0.010709589,0.000715,0.007959376
2019/9/30,0.003463,0.009474949,0.000654,0.013088344,0.000330,0.010391903,0.000715,0.008552238
2019/10/8,0.003463,0.009805982,0.000654,0.013314817,0.000330,0.01005886,0.000715,0.008023645
2019/10/9,0.003463,0.009484318,0.000654,0.01283141,0.000330,0.010006635,0.000715,0.013891409
2019/10/10,0.003463,0.009240294,0.000654,0.012347664,0.000330,0.010107147,0.000715,0.012912542
2019/10/11,0.003463,0.009256442,0.000654,0.012594518,0.000330,0.009941214,0.000715,0.012020654
2019/10/14,0.003463,0.009330524,0.000654,0.012090192,0.000330,0.009607983,0.000715,0.011187054
2019/10/15,0.003463,0.009571102,0.000654,0.012271485,0.000330,0.010337848,0.000715,0.010693741
2019/10/16,0.003463,0.009614801,0.000654,0.012666258,0.000330,0.010108862,0.000715,0.009974872
2019/10/17,0.003463,0.009530931,0.000654,0.012259528,0.000330,0.009765618,0.000715,0.009702959
2019/10/18,0.003463,0.009155767,0.000654,0.01174403,0.000330,0.009509916,0.000715,0.009090607
2019/10/21,0.003463,0.00985995,0.000654,0.01205735,0.000330,0.009402716,0.000715,0.009291622
2019/10/22,0.003463,0.009383898,0.000654,0.011550605,0.000330,0.009171833,0.000715,0.008697805
2019/10/23,0.003463,0.009213214,0.000654,0.011547609,0.000330,0.008891591,0.000715,0.008835064
2019/10/24,0.003463,0.009157749,0.000654,0.011651575,0.000330,0.008956524,0.000715,0.008291706
2019/10/25,0.003463,0.008775598,0.000654,0.011196653,0.000330,0.00888689,0.000715,0.007793042
2019/10/28,0.003463,0.008622692,0.000654,0.011280398,0.000330,0.008888318,0.000715,0.007324834
2019/10/29,0.003463,0.008713468,0.000654,0.011634894,0.000330,0.008698479,0.000715,0.006886112
2019/10/30,0.003463,0.009056087,0.000654,0.011585531,0.000330,0.008670056,0.000715,0.006699284
2019/10/31,0.003463,0.009066676,0.000654,0.011532004,0.000330,0.008579335,0.000715,0.006316498
2019/11/1,0.003463,0.008947621,0.000654,0.01140891,0.000330,0.008408676,0.000715,0.006580572
2019/11/4,0.003463,0.00911954,0.000654,0.011949956,0.000330,0.00835383,0.000715,0.006183658
2019/11/5,0.003463,0.00901269,0.000654,0.011702761,0.000330,0.008249293,0.000715,0.005834928
2019/11/6,0.003463,0.00888047,0.000654,0.01157701,0.000330,0.00864704,0.000715,0.005795204
2019/11/7,0.003463,0.008853089,0.000654,0.011704737,0.000330,0.008459267,0.000715,0.005499154
2019/11/8,0.003463,0.008473701,0.000654,0.011504523,0.000330,0.008230602,0.000715,0.005204555
2019/11/11,0.003463,0.008510016,0.000654,0.011227924,0.000330,0.008337988,0.000715,0.004930635
2019/11/12,0.003463,0.009717164,0.000654,0.012380572,0.000330,0.011110856,0.000715,0.005115
2019/11/13,0.003463,0.009327269,0.000654,0.011921907,0.000330,0.012180439,0.000715,0.004851839
2019/11/14,0.003463,0.009169661,0.000654,0.011434526,0.000330,0.012810321,0.000715,0.004609252
2019/11/15,0.003463,0.008806593,0.000654,0.011212029,0.000330,0.013232663,0.000715,0.004382655
2019/11/18,0.003463,0.008928853,0.000654,0.011488156,0.000330,0.012875095,0.000715,0.004145864
2019/11/19,0.003463,0.008867885,0.000654,0.011344492,0.000330,0.012353343,0.000715,0.00394966
2019/11/20,0.003463,0.00895675,0.000654,0.011881413,0.000330,0.012139886,0.000715,0.003975234
2019/11/21,0.003463,0.009198087,0.000654,0.01197789,0.000330,0.012230894,0.000715,0.004606383
2019/11/22,0.003463,0.008987251,0.000654,0.011689395,0.000330,0.012691141,0.000715,0.004818297
2019/11/25,0.003463,0.009093557,0.000654,0.012346071,0.000330,0.012682755,0.000715,0.00457336
2019/11/26,0.003463,0.009092106,0.000654,0.011766009,0.000330,0.012200759,0.000715,0.004324427
2019/11/27,0.003463,0.008660382,0.000654,0.011460794,0.000330,0.012099505,0.000715,0.004110275
2019/11/28,0.003463,0.008381292,0.000654,0.011162798,0.000330,0.011643896,0.000715,0.003903734
2019/11/29,0.003463,0.00838427,0.000654,0.010896318,0.000330,0.011222988,0.000715,0.003803661
2019/12/2,0.003463,0.008505555,0.000654,0.010722532,0.000330,0.01225886,0.000715,0.004488263
2019/12/3,0.003463,0.008169459,0.000654,0.010322163,0.000330,0.012613932,0.000715,0.006157942
2019/12/4,0.003463,0.007959658,0.000654,0.010140917,0.000330,0.012139254,0.000715,0.007259819
2019/12/5,0.003463,0.007789329,0.000654,0.009814865,0.000330,0.012206656,0.000715,0.006825999
2019/12/6,0.003463,0.007874278,0.000654,0.010046335,0.000330,0.012055624,0.000715,0.006439339
2019/12/9,0.003463,0.007752974,0.000654,0.010024996,0.000330,0.011632129,0.000715,0.006053648
2019/12/10,0.003463,0.007419868,0.000654,0.009620437,0.000330,0.011375888,0.000715,0.006298607
2019/12/11,0.003463,0.007112036,0.000654,0.009381756,0.000330,0.010970424,0.000715,0.006276666
2019/12/12,0.003463,0.006910213,0.000654,0.009480844,0.000330,0.010582759,0.000715,0.00592638
2019/12/13,0.003463,0.006863706,0.000654,0.009207115,0.000330,0.010312249,0.000715,0.005579686
2019/12/16,0.003463,0.007703975,0.000654,0.009837902,0.000330,0.010269836,0.000715,0.005313766
2019/12/17,0.003463,0.007660984,0.000654,0.010298447,0.000330,0.011253264,0.000715,0.005015664
2019/12/18,0.003463,0.008082502,0.000654,0.010691808,0.000330,0.01092172,0.000715,0.004761961
2019/12/19,0.003463,0.007899625,0.000654,0.010339134,0.000330,0.010772338,0.000715,0.004707468
2019/12/20,0.003463,0.007583323,0.000654,0.009876658,0.000330,0.010427262,0.000715,0.004461144
2019/12/23,0.003463,0.007607651,0.000654,0.009972563,0.000330,0.010086812,0.000715,0.004228538
2019/12/24,0.003463,0.008496152,0.000654,0.01084782,0.000330,0.009752428,0.000715,0.004026044
2019/12/25,0.003463,0.008480906,0.000654,0.011132737,0.000330,0.00944717,0.000715,0.003979171
2019/12/26,0.003463,0.008145409,0.000654,0.010786788,0.000330,0.009156701,0.000715,0.003919759
2019/12/27,0.003463,0.008263091,0.000654,0.010703502,0.000330,0.008878277,0.000715,0.003722773
2019/12/30,0.003463,0.007984854,0.000654,0.010785688,0.000330,0.008619244,0.000715,0.003625856
2019/12/31,0.003463,0.008310942,0.000654,0.011081213,0.000330,0.008737352,0.000715,0.004702114
2020/1/2,0.003463,0.008077365,0.000654,0.010857238,0.000330,0.008618214,0.000715,0.0044629
2020/1/3,0.003463,0.008379712,0.000654,0.011615984,0.000330,0.008444558,0.000715,0.004218091
2020/1/6,0.003463,0.008088011,0.000654,0.011069046,0.000330,0.008605031,0.000715,0.005403523
2020/1/7,0.003463,0.007784965,0.000654,0.010796407,0.000330,0.008709775,0.000715,0.005113973
2020/1/8,0.003463,0.007801146,0.000654,0.010963406,0.000330,0.00865499,0.000715,0.005441107
2020/1/9,0.003463,0.008535208,0.000654,0.011316331,0.000330,0.008759852,0.000715,0.005143235
2020/1/10,0.003463,0.008654008,0.000654,0.011864634,0.000330,0.008711024,0.000715,0.004858158
2020/1/13,0.003463,0.008377624,0.000654,0.011491488,0.000330,0.009052034,0.000715,0.005162245
2020/1/14,0.003463,0.008398079,0.000654,0.01185139,0.000330,0.008795779,0.000715,0.004875949
2020/1/15,0.003463,0.0082978,0.000654,0.011723415,0.000330,0.008828517,0.000715,0.004948901
2020/1/16,0.003463,0.008413149,0.000654,0.011272338,0.000330,0.008671437,0.000715,0.00469577
2020/1/17,0.003463,0.008497598,0.000654,0.010860219,0.000330,0.008477811,0.000715,0.004435461
2020/1/20,0.003463,0.008120471,0.000654,0.010448003,0.000330,0.008274681,0.000715,0.004207634
2020/1/21,0.003463,0.008100777,0.000654,0.010822942,0.000330,0.008530458,0.000715,0.004081732
2020/1/22,0.003463,0.008978811,0.000654,0.011479758,0.000330,0.01167688,0.000715,0.004477583
2020/1/23,0.003463,0.008679837,0.000654,0.011587047,0.000330,0.01285283,0.000715,0.004362255
2020/2/3,0.003463,0.010792914,0.000654,0.014011567,0.000330,0.013256838,0.000715,0.004151219
2020/2/4,0.003463,0.018511578,0.000654,0.020980022,0.000330,0.020430013,0.000715,0.01050442
2020/2/5,0.003463,0.018374461,0.000654,0.021863347,0.000330,0.023018188,0.000715,0.009787792
2020/2/6,0.003463,0.01818357,0.000654,0.021873585,0.000330,0.022022562,0.000715,0.009135504
2020/2/7,0.003463,0.018295068,0.000654,0.022498705,0.000330,0.020994138,0.000715,0.008563427
2020/2/10,0.003463,0.017518763,0.000654,0.021357609,0.000330,0.02067166,0.000715,0.009041099
2020/2/11,0.003463,0.016894669,0.000654,0.020918201,0.000330,0.01979274,0.000715,0.008465634
2020/2/12,0.003463,0.016232354,0.000654,0.01990734,0.000330,0.018922473,0.000715,0.007953454
2020/2/13,0.003463,0.015906293,0.000654,0.019865549,0.000330,0.018206163,0.000715,0.007464156
2020/2/14,0.003463,0.015673377,0.000654,0.01947209,0.000330,0.017482866,0.000715,0.0073611
2020/2/17,0.003463,0.015073788,0.000654,0.018778691,0.000330,0.016709034,0.000715,0.006934344
2020/2/18,0.003463,0.015728985,0.000654,0.019545844,0.000330,0.015969941,0.000715,0.006650995
2020/2/19,0.003463,0.014921525,0.000654,0.018854936,0.000330,0.01589855,0.000715,0.006901088
2020/2/20,0.003463,0.014448958,0.000654,0.018413815,0.000330,0.015574174,0.000715,0.006498762
2020/2/21,0.003463,0.014838094,0.000654,0.018976962,0.000330,0.014921611,0.000715,0.006881344
2020/2/24,0.003463,0.014225769,0.000654,0.018511093,0.000330,0.014621894,0.000715,0.008631097
2020/2/25,0.003463,0.01377283,0.000654,0.018304416,0.000330,0.015102052,0.000715,0.016187244
2020/2/26,0.003463,0.013602318,0.000654,0.017684177,0.000330,0.014994699,0.000715,0.021316918
2020/2/27,0.003463,0.013627686,0.000654,0.019090999,0.000330,0.014506564,0.000715,0.020775386
2020/2/28,0.003463,0.012972481,0.000654,0.018246111,0.000330,0.013985341,0.000715,0.027919923
2020/3/2,0.003463,0.015626095,0.000654,0.021188873,0.000330,0.015039576,0.000715,0.027561469
2020/3/3,0.003463,0.016838327,0.000654,0.022406276,0.000330,0.015350363,0.000715,0.0251793
2020/3/4,0.003463,0.016381551,0.000654,0.021580803,0.000330,0.014719977,0.000715,0.027728817
2020/3/5,0.003463,0.015878289,0.000654,0.020520827,0.000330,0.014108156,0.000715,0.025344576
2020/3/6,0.003463,0.016271451,0.000654,0.020473108,0.000330,0.01352483,0.000715,0.029039522
2020/3/9,0.003463,0.016459794,0.000654,0.020179442,0.000330,0.015022581,0.000715,0.029889209
2020/3/10,0.003463,0.018181559,0.000654,0.022384331,0.000330,0.019380183,0.000715,0.042844168
2020/3/11,0.003463,0.018330823,0.000654,0.022869699,0.000330,0.02073448,0.000715,0.038903317
2020/3/12,0.003463,0.018154326,0.000654,0.023136143,0.000330,0.020004806,0.000715,0.043791292
2020/3/13,0.003463,0.018453563,0.000654,0.023496305,0.000330,0.021718864,0.000715,0.058561214
2020/3/16,0.003463,0.018487937,0.000654,0.023089404,0.000330,0.022477242,0.000715,0.052769983
2020/3/17,0.003463,0.020375875,0.000654,0.025961076,0.000330,0.024390037,0.000715,0.069818516
2020/3/18,0.003463,0.019544628,0.000654,0.024919427,0.000330,0.024873573,0.000715,0.062878494
2020/3/19,0.003463,0.019967441,0.000654,0.024837853,0.000330,0.026439172,0.000715,0.065229338
2020/3/20,0.003463,0.019648121,0.000654,0.023561986,0.000330,0.027823063,0.000715,0.058990079
2020/3/23,0.003463,0.019622492,0.000654,0.023011258,0.000330,0.027126492,0.000715,0.060772737
2020/3/24,0.003463,0.021133596,0.000654,0.025319538,0.000330,0.030657365,0.000715,0.060321236
2020/3/25,0.003463,0.021493279,0.000654,0.025411794,0.000330,0.030982803,0.000715,0.054317872
2020/3/26,0.003463,0.021706503,0.000654,0.025868247,0.000330,0.030665616,0.000715,0.049241035
2020/3/27,0.003463,0.020997342,0.000654,0.025041732,0.000330,0.030190132,0.000715,0.044549514
2020/3/30,0.003463,0.020033842,0.000654,0.024056001,0.000330,0.028751258,0.000715,0.045622274
2020/3/31,0.003463,0.019666742,0.000654,0.024257884,0.000330,0.027618456,0.000715,0.041430651
2020/4/1,0.003463,0.018695025,0.000654,0.023242283,0.000330,0.02643654,0.000715,0.0402142
2020/4/2,0.003463,0.018142443,0.000654,0.022114773,0.000330,0.026122645,0.000715,0.044533619
2020/4/3,0.003463,0.018248784,0.000654,0.022308089,0.000330,0.025315341,0.000715,0.040500676
2020/4/7,0.003463,0.017752392,0.000654,0.021696968,0.000330,0.024148187,0.000715,0.039386288
2020/4/8,0.003463,0.018113994,0.000654,0.022518906,0.000330,0.022994154,0.000715,0.03572633
2020/4/9,0.003463,0.017315106,0.000654,0.021746666,0.000330,0.023702322,0.000715,0.032550248
2020/4/10,0.003463,0.016629123,0.000654,0.021067826,0.000330,0.022700495,0.000715,0.029770698
2020/4/13,0.003463,0.016597066,0.000654,0.021261254,0.000330,0.021775397,0.000715,0.027325971
2020/4/14,0.003463,0.016115681,0.000654,0.020583529,0.000330,0.020745772,0.000715,0.026849599
2020/4/15,0.003463,0.016272645,0.000654,0.020902662,0.000330,0.019772436,0.000715,0.024590483
2020/4/16,0.003463,0.015886405,0.000654,0.020198231,0.000330,0.019178511,0.000715,0.026233355
2020/4/17,0.003463,0.015246969,0.000654,0.019375489,0.000330,0.018564482,0.000715,0.024124054
2020/4/20,0.003463,0.014857526,0.000654,0.018658701,0.000330,0.017765158,0.000715,0.022139453
2020/4/21,0.003463,0.014386071,0.000654,0.018165865,0.000330,0.017225036,0.000715,0.023311568
2020/4/22,0.003463,0.014383532,0.000654,0.018060227,0.000330,0.017596765,0.000715,0.027215441
2020/4/23,0.003463,0.014007203,0.000654,0.017736079,0.000330,0.01749703,0.000715,0.024952683
2020/4/24,0.003463,0.013460762,0.000654,0.017260969,0.000330,0.016718287,0.000715,0.023033133
2020/4/27,0.003463,0.013642908,0.000654,0.017371652,0.000330,0.016080368,0.000715,0.021198592
2020/4/28,0.003463,0.013095717,0.000654,0.016595673,0.000330,0.015431204,0.000715,0.019531738
2020/4/29,0.003463,0.012596519,0.000654,0.015995079,0.000330,0.015191602,0.000715,0.018880228
2020/4/30,0.003463,0.012228905,0.000654,0.015210438,0.000330,0.014726566,0.000715,0.017388959
2020/5/6,0.003463,0.012446321,0.000654,0.015648406,0.000330,0.014103217,0.000715,0.01752157
2020/5/7,0.003463,0.012194908,0.000654,0.015714756,0.000330,0.014702315,0.000715,0.020328669
2020/5/8,0.003463,0.011792539,0.000654,0.015089882,0.000330,0.014924965,0.000715,0.018762151
2020/5/11,0.003463,0.011701518,0.000654,0.015073283,0.000330,0.014366475,0.000715,0.017314515
2020/5/12,0.003463,0.011165555,0.000654,0.014594756,0.000330,0.013892667,0.000715,0.016056042
2020/5/13,0.003463,0.010733092,0.000654,0.014100624,0.000330,0.014226796,0.000715,0.018664868
2020/5/14,0.003463,0.010320859,0.000654,0.013669179,0.000330,0.014018494,0.000715,0.020640276
2020/5/15,0.003463,0.010625176,0.000654,0.01378782,0.000330,0.014069368,0.000715,0.019044358
2020/5/18,0.003463,0.010180365,0.000654,0.013131574,0.000330,0.013871834,0.000715,0.017617257
2020/5/19,0.003463,0.0098149,0.000654,0.012836723,0.000330,0.013296292,0.000715,0.016221732
2020/5/20,0.003463,0.00982177,0.000654,0.012931302,0.000330,0.0127927,0.000715,0.01662303
2020/5/21,0.003463,0.009786742,0.000654,0.013086575,0.000330,0.012812702,0.000715,0.015372125
2020/5/22,0.003463,0.009779585,0.000654,0.013151899,0.000330,0.012381024,0.000715,0.015550684
2020/5/25,0.003463,0.010929051,0.000654,0.01429807,0.000330,0.019634161,0.000715,0.014446584
2020/5/26,0.003463,0.010475106,0.000654,0.013660932,0.000330,0.022361904,0.000715,0.013552655
2020/5/27,0.003463,0.010589776,0.000654,0.014230213,0.000330,0.02130025,0.000715,0.012585656
2020/5/28,0.003463,0.01036084,0.000654,0.014481614,0.000330,0.020642923,0.000715,0.011689371
2020/5/29,0.003463,0.010046345,0.000654,0.013994074,0.000330,0.019804682,0.000715,0.011225924
2020/6/1,0.003463,0.009675487,0.000654,0.013789661,0.000330,0.019082456,0.000715,0.010481925
2020/6/2,0.003463,0.010637744,0.000654,0.015211201,0.000330,0.018281818,0.000715,0.009801972
2020/6/3,0.003463,0.010213186,0.000654,0.014474977,0.000330,0.018615493,0.000715,0.009160864
2020/6/4,0.003463,0.00972757,0.000654,0.013787346,0.000330,0.017899323,0.000715,0.008550157
2020/6/5,0.003463,0.009406664,0.000654,0.013207183,0.000330,0.017291154,0.000715,0.008574108
2020/6/8,0.003463,0.009168526,0.000654,0.012771759,0.000330,0.016513129,0.000715,0.007965998
2020/6/9,0.003463,0.008843701,0.000654,0.012278237,0.000330,0.016096539,0.000715,0.007450523
2020/6/10,0.003463,0.008777177,0.000654,0.012040457,0.000330,0.015383879,0.000715,0.008354299
2020/6/11,0.003463,0.008739803,0.000654,0.011677793,0.000330,0.014869986,0.000715,0.008944864
2020/6/12,0.003463,0.008998344,0.000654,0.011756167,0.000330,0.015610126,0.000715,0.026446208
2020/6/15,0.003463,0.008636352,0.000654,0.011197964,0.000330,0.015910854,0.000715,0.024299329
2020/6/16,0.003463,0.009100023,0.000654,0.011106135,0.000330,0.016492366,0.000715,0.022364051
2020/6/17,0.003463,0.009563894,0.000654,0.011721724,0.000330,0.0164754,0.000715,0.0205736
2020/6/18,0.003463,0.009157886,0.000654,0.011208954,0.000330,0.016382235,0.000715,0.019525289
2020/6/19,0.003463,0.00875932,0.000654,0.011062601,0.000330,0.015695433,0.000715,0.018092441
2020/6/22,0.003463,0.008915788,0.000654,0.011417066,0.000330,0.01500718,0.000715,0.017805755
2020/6/23,0.003463,0.008600991,0.000654,0.011022663,0.000330,0.014506023,0.000715,0.016485123
2020/6/24,0.003463,0.0082664,0.000654,0.010936068,0.000330,0.013939401,0.000715,0.015288847
2020/6/29,0.003463,0.00802344,0.000654,0.01048213,0.000330,0.013777971,0.000715,0.019068533
2020/6/30,0.003463,0.008187588,0.000654,0.010426408,0.000330,0.014348119,0.000715,0.017852298
2020/7/1,0.003463,0.008255389,0.000654,0.011219179,0.000330,0.014401737,0.000715,0.016495022
2020/7/2,0.003463,0.008711431,0.000654,0.011235425,0.000330,0.013816292,0.000715,0.015293348
2020/7/3,0.003463,0.00964828,0.000654,0.011490619,0.000330,0.013237384,0.000715,0.014201392
2020/7/6,0.003463,0.010425371,0.000654,0.011703031,0.000330,0.013846526,0.000715,0.013286907
2020/7/7,0.003463,0.013973221,0.000654,0.013870652,0.000330,0.013412262,0.000715,0.012329549
2020/7/8,0.003463,0.013387283,0.000654,0.014147589,0.000330,0.015318941,0.000715,0.013337481
2020/7/9,0.003463,0.013696758,0.000654,0.014598586,0.000330,0.014942982,0.000715,0.012406742
2020/7/10,0.003463,0.013750455,0.000654,0.015418255,0.000330,0.014335424,0.000715,0.012582595
2020/7/13,0.003463,0.01483083,0.000654,0.015116104,0.000330,0.014688859,0.000715,0.011705845
2020/7/14,0.003463,0.015070904,0.000654,0.016570867,0.000330,0.014638639,0.000715,0.012575231
2020/7/15,0.003463,0.015112764,0.000654,0.016627331,0.000330,0.014386744,0.000715,0.011689139
2020/7/16,0.003463,0.015754636,0.000654,0.017166793,0.000330,0.014009835,0.000715,0.010888931
2020/7/17,0.003463,0.019038239,0.000654,0.020746083,0.000330,0.014568167,0.000715,0.010765096
2020/7/20,0.003463,0.018028436,0.000654,0.020252166,0.000330,0.014637079,0.000715,0.010066633
2020/7/21,0.003463,0.018985848,0.000654,0.020618994,0.000330,0.014038022,0.000715,0.009403953
2020/7/22,0.003463,0.018009326,0.000654,0.019926128,0.000330,0.013449716,0.000715,0.008817504
2020/7/23,0.003463,0.017191973,0.000654,0.019319155,0.000330,0.015003117,0.000715,0.008263745
2020/7/24,0.003463,0.016600297,0.000654,0.0183194,0.000330,0.015168228,0.000715,0.01010794
2020/7/27,0.003463,0.019176939,0.000654,0.021750521,0.000330,0.015843469,0.000715,0.010768708
2020/7/28,0.003463,0.018248782,0.000654,0.020836604,0.000330,0.015963395,0.000715,0.010054906
2020/7/29,0.003463,0.017648155,0.000654,0.020388368,0.000330,0.015295172,0.000715,0.010592473
2020/7/30,0.003463,0.017938065,0.000654,0.021298555,0.000330,0.014683995,0.000715,0.009874235
2020/7/31,0.003463,0.017284361,0.000654,0.020817928,0.000330,0.014219505,0.000715,0.009892842
2020/8/3,0.003463,0.016726521,0.000654,0.020547522,0.000330,0.013780503,0.000715,0.009247732
2020/8/4,0.003463,0.016858767,0.000654,0.020787111,0.000330,0.013355522,0.000715,0.008653989
2020/8/5,0.003463,0.016012721,0.000654,0.020193063,0.000330,0.012871003,0.000715,0.008119695
2020/8/6,0.003463,0.015192815,0.000654,0.019476081,0.000330,0.012930483,0.000715,0.007617268
2020/8/7,0.003463,0.014475135,0.000654,0.01897205,0.000330,0.012620279,0.000715,0.007152768
2020/8/10,0.003463,0.014628611,0.000654,0.019197537,0.000330,0.013042127,0.000715,0.006744345
2020/8/11,0.003463,0.014250218,0.000654,0.018225072,0.000330,0.01315663,0.000715,0.006359746
2020/8/12,0.003463,0.014576587,0.000654,0.018405669,0.000330,0.01270713,0.000715,0.007563125
2020/8/13,0.003463,0.014441622,0.000654,0.018297333,0.000330,0.012848104,0.000715,0.007078296
2020/8/14,0.003463,0.01377278,0.000654,0.017517733,0.000330,0.012641203,0.000715,0.007019909
2020/8/17,0.003463,0.013726717,0.000654,0.01751702,0.000330,0.012150168,0.000715,0.006772781
2020/8/18,0.003463,0.014433501,0.000654,0.017690236,0.000330,0.011683128,0.000715,0.006386668
2020/8/19,0.003463,0.01381274,0.000654,0.016862657,0.000330,0.011300017,0.000715,0.006029749
2020/8/20,0.003463,0.014254494,0.000654,0.01764477,0.000330,0.011088861,0.000715,0.006574185
2020/8/21,0.003463,0.01470256,0.000654,0.017605501,0.000330,0.011677581,0.000715,0.006201837
2020/8/24,0.003463,0.014167788,0.000654,0.017356943,0.000330,0.011751517,0.000715,0.005854202
2020/8/25,0.003463,0.013446786,0.000654,0.017285637,0.000330,0.011558183,0.000715,0.005507024
2020/8/26,0.003463,0.013160225,0.000654,0.01645302,0.000330,0.011648491,0.000715,0.005206534
2020/8/27,0.003463,0.013666159,0.000654,0.016964236,0.000330,0.011217136,0.000715,0.004903883
2020/8/28,0.003463,0.013270379,0.000654,0.016546529,0.000330,0.011060635,0.000715,0.004652084
2020/8/31,0.003463,0.013524784,0.000654,0.017107089,0.000330,0.010816637,0.000715,0.004400301
2020/9/1,0.003463,0.013140716,0.000654,0.016787559,0.000330,0.010826568,0.000715,0.00462012
2020/9/2,0.003463,0.012659602,0.000654,0.016316693,0.000330,0.010654312,0.000715,0.004368546
2020/9/3,0.003463,0.012270882,0.000654,0.015580592,0.000330,0.010304645,0.000715,0.004103248
2020/9/4,0.003463,0.012234273,0.000654,0.015423463,0.000330,0.010057831,0.000715,0.016727638
2020/9/7,0.003463,0.012435851,0.000654,0.015325529,0.000330,0.010411619,0.000715,0.017326653
2020/9/8,0.003463,0.013473353,0.000654,0.016688078,0.000330,0.010519866,0.000715,0.016321205
2020/9/9,0.003463,0.013169909,0.000654,0.015858209,0.000330,0.01020221,0.000715,0.020455432
2020/9/10,0.003463,0.014140564,0.000654,0.017669326,0.000330,0.010023519,0.000715,0.018847321
2020/9/11,0.003463,0.013977545,0.000654,0.017405309,0.000330,0.009972456,0.000715,0.020446477
2020/9/14,0.003463,0.013696942,0.000654,0.01739198,0.000330,0.009750204,0.000715,0.019076573
2020/9/15,0.003463,0.013289904,0.000654,0.016842525,0.000330,0.009539348,0.000715,0.017616922
2020/9/16,0.003463,0.012871461,0.000654,0.016486074,0.000330,0.009293643,0.000715,0.016314231
2020/9/17,0.003463,0.012587516,0.000654,0.016426578,0.000330,0.009032419,0.000715,0.01595262
2020/9/18,0.003463,0.012360253,0.000654,0.015604634,0.000330,0.009816177,0.000715,0.0163806
2020/9/21,0.003463,0.013002112,0.000654,0.015868049,0.000330,0.010105907,0.000715,0.017319414
2020/9/22,0.003463,0.012942556,0.000654,0.015664847,0.000330,0.011388293,0.000715,0.018274052
2020/9/23,0.003463,0.013423379,0.000654,0.015597013,0.000330,0.012221913,0.000715,0.016898186
2020/9/24,0.003463,0.012786172,0.000654,0.015165033,0.000330,0.011960413,0.000715,0.019987696
2020/9/25,0.003463,0.013644602,0.000654,0.016165449,0.000330,0.012593617,0.000715,0.018483251
2020/9/28,0.003463,0.013105216,0.000654,0.015366024,0.000330,0.012790903,0.000715,0.017066054
2020/9/29,0.003463,0.012550193,0.000654,0.0149775,0.000330,0.012303564,0.000715,0.015773155
2020/9/30,0.003463,0.012003078,0.000654,0.014893007,0.000330,0.012219054,0.000715,0.0153813
2020/10/9,0.003463,0.011620005,0.000654,0.014208216,0.000330,0.01188995,0.000715,0.014270116
2020/10/12,0.003463,0.012060955,0.000654,0.015404492,0.000330,0.011520821,0.000715,0.013161788
2020/10/13,0.003463,0.013116111,0.000654,0.016523041,0.000330,0.012364988,0.000715,0.012205992
2020/10/14,0.003463,0.012513947,0.000654,0.016063948,0.000330,0.012645353,0.000715,0.012348057
2020/10/15,0.003463,0.012426969,0.000654,0.0159051,0.000330,0.012137422,0.000715,0.012786935
2020/10/16,0.003463,0.0120926,0.000654,0.015454541,0.000330,0.013035085,0.000715,0.01236519
2020/10/19,0.003463,0.011501333,0.000654,0.015252202,0.000330,0.013312576,0.000715,0.011668344
2020/10/20,0.003463,0.011585678,0.000654,0.015100872,0.000330,0.012878727,0.000715,0.01400676
2020/10/21,0.003463,0.011236604,0.000654,0.015126535,0.000330,0.012416324,0.000715,0.013031434
2020/10/22,0.003463,0.010834504,0.000654,0.015160952,0.000330,0.011923813,0.000715,0.012615115
2020/10/23,0.003463,0.010680979,0.000654,0.014815969,0.000330,0.01154771,0.000715,0.011754044
2020/10/26,0.003463,0.011083929,0.000654,0.015656594,0.000330,0.011110486,0.000715,0.010970341
2020/10/27,0.003463,0.011267598,0.000654,0.015152091,0.000330,0.01074508,0.000715,0.013816546
2020/10/28,0.003463,0.010723538,0.000654,0.014675157,0.000330,0.010475004,0.000715,0.013659554
2020/10/29,0.003463,0.010431371,0.000654,0.014476617,0.000330,0.010228466,0.000715,0.020063874
2020/10/30,0.003463,0.009936919,0.000654,0.014283782,0.000330,0.010017079,0.000715,0.018523178
2020/11/2,0.003463,0.010748531,0.000654,0.015202889,0.000330,0.011211994,0.000715,0.019268472
2020/11/3,0.003463,0.010260538,0.000654,0.015275056,0.000330,0.011636593,0.000715,0.017794585
2020/11/4,0.003463,0.010621071,0.000654,0.015163568,0.000330,0.011521231,0.000715,0.016431067
2020/11/5,0.003463,0.010170206,0.000654,0.014730808,0.000330,0.011742773,0.000715,0.015172879
2020/11/6,0.003463,0.010446228,0.000654,0.015006678,0.000330,0.011300785,0.000715,0.014034052
2020/11/9,0.003463,0.010199862,0.000654,0.014604823,0.000330,0.012575485,0.000715,0.013065965
2020/11/10,0.003463,0.01083968,0.000654,0.015228192,0.000330,0.012073162,0.000715,0.012141909
2020/11/11,0.003463,0.010712818,0.000654,0.015339161,0.000330,0.011816919,0.000715,0.011568593
2020/11/12,0.003463,0.010696517,0.000654,0.016029046,0.000330,0.011587542,0.000715,0.010785934
2020/11/13,0.003463,0.010331716,0.000654,0.015475375,0.000330,0.011187746,0.000715,0.011879052
2020/11/16,0.003463,0.010598361,0.000654,0.014929197,0.000330,0.010788924,0.000715,0.011050947
2020/11/17,0.003463,0.01072286,0.000654,0.014564998,0.000330,0.010400331,0.000715,0.010294295
2020/11/18,0.003463,0.010440373,0.000654,0.014526534,0.000330,0.010165422,0.000715,0.01043234
2020/11/19,0.003463,0.010008047,0.000654,0.014226523,0.000330,0.009818832,0.000715,0.011978664
2020/11/20,0.003463,0.009753302,0.000654,0.014008716,0.000330,0.009750009,0.000715,0.011177921
2020/11/23,0.003463,0.009487953,0.000654,0.013602973,0.000330,0.009563263,0.000715,0.011714177
2020/11/24,0.003463,0.009650566,0.000654,0.013346595,0.000330,0.009275792,0.000715,0.010928252
2020/11/25,0.003463,0.009545772,0.000654,0.013027164,0.000330,0.008990409,0.000715,0.010166961
2020/11/26,0.003463,0.010156813,0.000654,0.013777924,0.000330,0.008750578,0.000715,0.009745068
2020/11/27,0.003463,0.009738124,0.000654,0.013430318,0.000330,0.008518215,0.000715,0.009245576
2020/11/30,0.003463,0.009926076,0.000654,0.013134353,0.000330,0.008350944,0.000715,0.008670911
2020/12/1,0.003463,0.009919232,0.000654,0.012655509,0.000330,0.010000545,0.000715,0.009029555
2020/12/2,0.003463,0.010511358,0.000654,0.013209351,0.000330,0.01068144,0.000715,0.008440623
2020/12/3,0.003463,0.010148755,0.000654,0.01262944,0.000330,0.010422216,0.000715,0.007929167
2020/12/4,0.003463,0.009913455,0.000654,0.012043764,0.000330,0.010061514,0.000715,0.007654201
2020/12/7,0.003463,0.009466703,0.000654,0.01164812,0.000330,0.00981686,0.000715,0.007179671
2020/12/8,0.003463,0.009763024,0.000654,0.011401765,0.000330,0.010138709,0.000715,0.007131945
2020/12/9,0.003463,0.009522785,0.000654,0.010916158,0.000330,0.010418121,0.000715,0.006718915
2020/12/10,0.003463,0.010070211,0.000654,0.011870443,0.000330,0.010209879,0.000715,0.007885113
2020/12/11,0.003463,0.009622531,0.000654,0.011349712,0.000330,0.010007595,0.000715,0.007832752
2020/12/14,0.003463,0.009858157,0.000654,0.01185859,0.000330,0.009702726,0.000715,0.007733942
2020/12/15,0.003463,0.009734458,0.000654,0.011914199,0.000330,0.009495377,0.000715,0.008173886
2020/12/16,0.003463,0.009378169,0.000654,0.011576517,0.000330,0.009469922,0.000715,0.007645753
2020/12/17,0.003463,0.009002501,0.000654,0.01109853,0.000330,0.009306795,0.000715,0.007195095
2020/12/18,0.003463,0.009227392,0.000654,0.011132036,0.000330,0.009195634,0.000715,0.006765569
2020/12/21,0.003463,0.009095066,0.000654,0.010830211,0.000330,0.009256268,0.000715,0.007047797
2020/12/22,0.003463,0.009071999,0.000654,0.011570561,0.000330,0.009345222,0.000715,0.007469723
2020/12/23,0.003463,0.010315743,0.000654,0.012476598,0.000330,0.009446227,0.000715,0.007554064
2020/12/24,0.003463,0.010233629,0.000654,0.01247187,0.000330,0.009295404,0.000715,0.007146753
2020/12/25,0.003463,0.010261143,0.000654,0.012511322,0.000330,0.009145739,0.000715,0.006729762
2020/12/28,0.003463,0.010331017,0.000654,0.012374637,0.000330,0.008872321,0.000715,0.006444526
2020/12/29,0.003463,0.009882674,0.000654,0.011794398,0.000330,0.008655677,0.000715,0.006060332
2020/12/30,0.003463,0.009907208,0.000654,0.011602827,0.000330,0.008439029,0.000715,0.006148082
2020/12/31,0.003463,0.010030364,0.000654,0.012011494,0.000330,0.008410549,0.000715,0.005812682
2021/1/4,0.003463,0.010581621,0.000654,0.012607295,0.000330,0.009218728,0.000715,0.005482211
2021/1/5,0.003463,0.010529904,0.000654,0.013493523,0.000330,0.008956353,0.000715,0.008325716
2021/1/6,0.003463,0.01039653,0.000654,0.014154477,0.000330,0.008853433,0.000715,0.007808974
2021/1/7,0.003463,0.010200931,0.000654,0.013545797,0.000330,0.008683351,0.000715,0.007333102
2021/1/8,0.003463,0.010066244,0.000654,0.013549666,0.000330,0.008579654,0.000715,0.006859574
2021/1/11,0.003463,0.009817884,0.000654,0.013150515,0.000330,0.008428052,0.000715,0.006453428
2021/1/12,0.003463,0.010338081,0.000654,0.013514729,0.000330,0.008508468,0.000715,0.007305894
2021/1/13,0.003463,0.01116567,0.000654,0.014244035,0.000330,0.008278255,0.000715,0.006991154
2021/1/14,0.003463,0.010937948,0.000654,0.014061888,0.000330,0.008461407,0.000715,0.006590533
2021/1/15,0.003463,0.011247985,0.000654,0.014843831,0.000330,0.008239586,0.000715,0.00697536
2021/1/18,0.003463,0.010781544,0.000654,0.014331531,0.000330,0.008214707,0.000715,0.008034954
2021/1/19,0.003463,0.010693497,0.000654,0.014564903,0.000330,0.008019737,0.000715,0.007759414
2021/1/20,0.003463,0.010947792,0.000654,0.015234102,0.000330,0.008058106,0.000715,0.007279752
2021/1/21,0.003463,0.010620642,0.000654,0.01538158,0.000330,0.009461905,0.000715,0.006813263
2021/1/22,0.003463,0.010686748,0.000654,0.015722203,0.000330,0.009416465,0.000715,0.006429625
2021/1/25,0.003463,0.010590423,0.000654,0.015339308,0.000330,0.010199377,0.000715,0.006684349
2021/1/26,0.003463,0.010288933,0.000654,0.014810865,0.000330,0.010478091,0.000715,0.006301927
2021/1/27,0.003463,0.011159422,0.000654,0.015836308,0.000330,0.013163223,0.000715,0.006301209
2021/1/28,0.003463,0.010617324,0.000654,0.015249725,0.000330,0.013828711,0.000715,0.012214883
2021/1/29,0.003463,0.011807714,0.000654,0.01710435,0.000330,0.015103655,0.000715,0.011376185
2021/2/1,0.003463,0.011805464,0.000654,0.016646073,0.000330,0.0157682,0.000715,0.014312723
2021/2/2,0.003463,0.011552791,0.000654,0.016548582,0.000330,0.015236129,0.000715,0.013270457
2021/2/3,0.003463,0.011419728,0.000654,0.016979507,0.000330,0.015146369,0.000715,0.012319228
2021/2/4,0.003463,0.011308264,0.000654,0.016703733,0.000330,0.014690336,0.000715,0.011494579
2021/2/5,0.003463,0.01117949,0.000654,0.01644693,0.000330,0.014195395,0.000715,0.010705827
2021/2/8,0.003463,0.010828646,0.000654,0.016176198,0.000330,0.013677396,0.000715,0.010005679
2021/2/9,0.003463,0.010882598,0.000654,0.016441334,0.000330,0.013152088,0.000715,0.009350849
2021/2/10,0.003463,0.011573621,0.000654,0.016982085,0.000330,0.012614177,0.000715,0.008998561
2021/2/18,0.003463,0.011824528,0.000654,0.017415881,0.000330,0.01214828,0.000715,0.008625213
2021/2/19,0.003463,0.011494296,0.000654,0.017529728,0.000330,0.012242716,0.000715,0.008104389
2021/2/22,0.003463,0.011187672,0.000654,0.016858241,0.000330,0.012308899,0.000715,0.008048016
2021/2/23,0.003463,0.011954507,0.000654,0.018501676,0.000330,0.012209162,0.000715,0.009088249
2021/2/24,0.003463,0.011591315,0.000654,0.017914017,0.000330,0.011967578,0.000715,0.008531952
2021/2/25,0.003463,0.012791113,0.000654,0.018991499,0.000330,0.014340139,0.000715,0.007980859
2021/2/26,0.003463,0.012443691,0.000654,0.018124409,0.000330,0.015211966,0.000715,0.012711241
2021/3/1,0.003463,0.013689357,0.000654,0.018979875,0.000330,0.017875983,0.000715,0.012995405
2021/3/2,0.003463,0.013688512,0.000654,0.01956429,0.000330,0.018830492,0.000715,0.012036516
2021/3/3,0.003463,0.014050109,0.000654,0.019260986,0.000330,0.018524049,0.000715,0.01251228
2021/3/4,0.003463,0.014509316,0.000654,0.019088987,0.000330,0.017871848,0.000715,0.014146733
2021/3/5,0.003463,0.015551225,0.000654,0.020984272,0.000330,0.018795335,0.000715,0.015781928
2021/3/8,0.003463,0.014848543,0.000654,0.019970097,0.000330,0.018590263,0.000715,0.014597991
2021/3/9,0.003463,0.016068263,0.000654,0.022111649,0.000330,0.018591667,0.000715,0.014427684
2021/3/10,0.003463,0.016765966,0.000654,0.022843976,0.000330,0.018245093,0.000715,0.013378898
2021/3/11,0.003463,0.015962705,0.000654,0.021834825,0.000330,0.017471895,0.000715,0.012446569
2021/3/12,0.003463,0.016599957,0.000654,0.022105584,0.000330,0.016703823,0.000715,0.01157883
2021/3/15,0.003463,0.015980908,0.000654,0.020942829,0.000330,0.017387928,0.000715,0.010817041
2021/3/16,0.003463,0.015974422,0.000654,0.021789159,0.000330,0.017283481,0.000715,0.010100139
2021/3/17,0.003463,0.015588226,0.000654,0.021074092,0.000330,0.016510539,0.000715,0.009775952
2021/3/18,0.003463,0.014863191,0.000654,0.020689066,0.000330,0.015824707,0.000715,0.009157352
2021/3/19,0.003463,0.014368345,0.000654,0.020177517,0.000330,0.015127666,0.000715,0.011447295
2021/3/22,0.003463,0.015072693,0.000654,0.021057998,0.000330,0.015199675,0.000715,0.011056355
2021/3/23,0.003463,0.014967472,0.000654,0.020598265,0.000330,0.014912789,0.000715,0.010319215
2021/3/24,0.003463,0.014992416,0.000654,0.020402715,0.000330,0.014807265,0.000715,0.011036664
2021/3/25,0.003463,0.015319698,0.000654,0.020403907,0.000330,0.015610623,0.000715,0.011434654
2021/3/26,0.003463,0.014645917,0.000654,0.019328225,0.000330,0.015612237,0.000715,0.010673444
2021/3/29,0.003463,0.01488779,0.000654,0.019906529,0.000330,0.014930447,0.000715,0.009931413
2021/3/30,0.003463,0.014389534,0.000654,0.018947066,0.000330,0.014597795,0.000715,0.00940835
2021/3/31,0.003463,0.013995932,0.000654,0.018473736,0.000330,0.013972347,0.000715,0.009455161
2021/4/1,0.003463,0.013675223,0.000654,0.018196454,0.000330,0.013624323,0.000715,0.00886002
2021/4/2,0.003463,0.013377131,0.000654,0.018163897,0.000330,0.013149908,0.000715,0.008280872
2021/4/6,0.003463,0.01297526,0.000654,0.017733423,0.000330,0.013166619,0.000715,0.007794992
2021/4/7,0.003463,0.012412961,0.000654,0.017007836,0.000330,0.012627139,0.000715,0.007292496
2021/4/8,0.003463,0.011925598,0.000654,0.016770514,0.000330,0.012402724,0.000715,0.006869222
2021/4/9,0.003463,0.011337718,0.000654,0.01596239,0.000330,0.01208735,0.000715,0.006469567
2021/4/12,0.003463,0.011576465,0.000654,0.016191676,0.000330,0.012192661,0.000715,0.006086295
2021/4/13,0.003463,0.011943026,0.000654,0.017099496,0.000330,0.01221139,0.000715,0.005832159
